Plot,Subplot,Spec,St,Ht,Browse,Plot Size,DBH,Seed Tree,cluster,Comments,,,,,
CA-1-1,2,PIPO,L,270,0,400,6.9,101,1,10-50 tally: 2 juoc; juoc seed tree > 300m,,,,,
CA-1-1,3,PIPO,L,164,0,400,2,101,1,,,,,,
CA-1-1,X,JUOC,L,<50,0,400,NA,>300,1,,,,,,
CA-1-1,X,JUOC,L,<50,0,400,NA,>300,1,,,,,,
CA-1-2,2,PIPO,L,141,0,400,3.6,41.4,2,,,,,,
CA-1-2,2,PIPO,L,230,0,400,5.3,41.4,2,,,,,,
CA-1-2,3,PIPO,L,136,0,400,2.7,41.4,2,,,,,,
CA-1-2,3,PIPO,L,202,0,400,4.1,41.4,2,,,,,,
CA-1-2,4,PIPO,L,126,0,400,2.6,41.4,2,,,,,,
CA-1-2,4,PIPO,L,191,0,400,2.6,41.4,2,,,,,,
CA-1-2,4,PIPO,L,194,0,400,4.3,41.4,2,,,,,,
CA-2-2,1,PIPO,L,134,0,400,2.1,85.4,2,,,,,,
CA-2-2,1,PIPO,L,232,0,400,4.2,85.4,2,10-50 tally: 1 pipo,,,,,
CA-2-2,2,PIPO,L,116,0,400,1.7,85.4,2,,,,,,
CA-2-2,2,PIPO,L,117,0,400,1.3,85.4,2,,,,,,
CA-2-2,2,PIPO,L,177,0,400,2.6,85.4,2,,,,,,
CA-2-2,2,PIPO,L,231,0,400,4.5,85.4,2,,,,,,
CA-2-2,3,PIPO,L,79,0,400,1.2,85.4,2,,,,,,
CA-2-2,3,PIPO,L,97,0,400,1.2,85.4,2,,,,,,
CA-2-2,3,PIPO,L,197,0,400,2.9,85.4,2,,,,,,
CA-2-2,3,PIPO,L,200,0,400,3.2,85.4,2,,,,,,
CA-2-2,3,PIPO,L,208,0,400,3.2,85.4,2,,,,,,
CA-2-2,3,PIPO,L,213,0,400,3.7,85.4,2,,,,,,
CA-2-2,3,PIPO,L,221,0,400,3.9,85.4,2,,,,,,
CA-2-2,4,PIPO,L,97,0,400,1.6,85.4,2,,,,,,
CA-2-2,4,PIPO,L,110,0,400,1.6,85.4,2,,,,,,
CA-2-2,4,PIPO,L,134,0,400,2,85.4,2,,,,,,
CA-2-2,4,PIPO,L,166,0,400,2.5,85.4,2,,,,,,
CA-2-2,X,PIPO,L,<50,0,400,NAN,85.4,2,,,,,,
CA-2-3,2,PIPO,D,201,NA,400,2,50.6,3,"10-50 tally: 1 pipo, 1 juoc",,,,,
CA-2-3,4,JUOC,L,75,0,400,0.4,>300,3,,,,,,
CA-2-3,4,JUOC,L,130,0,400,0.8,>300,3,,,,,,
CA-2-3,4,PIPO,L,149,0,400,3,50.6,3,,,,,,
CA-2-3,X,PIPO,L,<50,0,400,NA,50.6,3,,,,,,
CA-2-3,X,JUOC,L,<50,0,400,NA,>300,3,,,,,,
CA-3-2,1,PIPO,L,176,0,200,3.4,24.6,2,,,,,,
CA-3-2,1,PICO,L,189,0,200,2.7,7,2,"10-50 tally: 4 pipo, 1 juoc; juoc seed tree >300m",,,,,
CA-3-2,1,PICO,L,204,0,200,2.7,7,2,,,,,,
CA-3-2,1,PICO,L,232,0,200,4.8,7,2,,,,,,
CA-3-2,1,PIPO,L,240+,0,200,5.5,24.6,2,laser did not give accurate reading,,,,,
CA-3-2,1,PIPO,L,240+,0,200,6.9,24.6,2,laser did not give accurate reading,,,,,
CA-3-2,2,PICO,L,95,0,200,1.3,7,2,,,,,,
CA-3-2,2,PIPO,L,140,0,200,2,24.6,2,,,,,,
CA-3-2,2,PIPO,L,166,0,200,3.5,24.6,2,,,,,,
CA-3-2,2,PIPO,L,171,0,200,2.8,24.6,2,,,,,,
CA-3-2,2,PIPO,L,185,0,200,4,24.6,2,,,,,,
CA-3-2,2,PICO,L,190,0,200,3.2,7,2,,,,,,
CA-3-2,2,PICO,L,217,0,200,3.5,7,2,,,,,,
CA-3-2,2,PIPO,L,227,0,200,4,24.6,2,,,,,,
CA-3-2,2,PICO,L,240+,0,200,4.8,7,2,,,,,,
CA-3-2,3,PIPO,L,62,0,200,1,24.6,2,,,,,,
CA-3-2,3,PIPO,L,217,0,200,4.1,24.6,2,,,,,,
CA-3-2,3,PIPO,L,240+,0,200,5.9,24.6,2,,,,,,
CA-3-2,X,PIPO,L,<50,0,200,NA,24.6,2,,,,,,
CA-3-2,X,PIPO,L,<50,0,200,NA,24.6,2,,,,,,
CA-3-2,X,PIPO,L,<50,0,200,NA,24.6,2,,,,,,
CA-3-2,X,PIPO,L,<50,0,200,NA,24.6,2,,,,,,
CA-3-2,X,JUOC,L,<50,0,200,NA,>300,2,,,,,,
CA-4-1,2,PIPO,L,89,0,400,2.2,36.4,1,,,,,,
CA-4-1,2,PIPO,L,113,0,400,1.4,36.4,1,,,,,,
CA-4-2,2,PIPO,L,71,0,400,1.3,33.6,2,,,,,,
CA-4-2,2,PIPO,L,126,0,400,1.7,33.6,2,"10-50 tally: 1 pipo, 2 juoc",,,,,
CA-4-2,2,PIPO,L,163,0,400,1.5,33.6,2,,,,,,
CA-4-2,2,PIPO,L,186,0,400,2.4,33.6,2,,,,,,
CA-4-2,2,PIPO,L,192,0,400,3.3,33.6,2,,,,,,
CA-4-2,2,PIPO,L,235,0,400,3.1,33.6,2,,,,,,
CA-4-2,2,PIPO,L,235,0,400,3.4,33.6,2,,,,,,
CA-4-2,2,PIPO,L,240,0,400,4.8,33.6,2,,,,,,
CA-4-2,2,PIPO,L,241,0,400,4.1,33.6,2,,,,,,
CA-4-2,3,PIPO,L,97,0,400,1.3,33.6,2,,,,,,
CA-4-2,3,PIPO,L,111,0,400,2.4,33.6,2,,,,,,
CA-4-2,3,PIPO,L,137,0,400,1.6,33.6,2,,,,,,
CA-4-2,3,PIPO,L,178,0,400,1.8,33.6,2,,,,,,
CA-4-2,3,PIPO,L,238,0,400,4.6,33.6,2,,,,,,
CA-4-2,3,PIPO,L,252,0,400,4.8,33.6,2,,,,,,
CA-4-2,X,PIPO,L,<50,0,400,NA,33.6,2,,,,,,
CA-4-2,X,JUOC,L,<50,0,400,NA,>300,2,,,,,,
CA-4-2,X,JUOC,L,<50,0,400,NA,>300,2,,,,,,
CA-B3-3,1,PIPO,L,127,0,400,2.2,70.2,3,,,,,,
CA-B3-3,1,LAOC,L,171,0,400,1.1,46.7,3,,,,,,
CA-B3-3,1,LAOC,L,191,0,400,1.8,46.7,3,,,,,,
CA-B3-3,2,PIPO,L,179,0,400,3.2,70.2,3,,,,,,
CA-B5-3,-,-,-,-,-,400,-,>300,3,,,,,,
EA-1-1,1,PICO,D,83,NA,40,1.5,1,1,,,,,,
EA-1-1,1,PICO,D,87,NA,40,0.8,1,1,,,,,,
EA-1-1,1,LAOC,L,126,2,40,0.7,~200,1,"did not see seed tree w/ laser rangefinder, but saw on hike back (estimated seed tree)",,,,,
EA-1-1,1,PICO,L,134,2,40,0.9,1,1,,,,,,
EA-1-1,1,PICO,L,207,0,40,2.5,1,1,,,,,,
EA-1-1,1,LAOC,L,212,2,40,1.1,~200,1,"did not see seed tree w/ laser rangefinder, but saw on hike back (estimated seed tree)",,,,,
EA-1-1,1,PIPO,L,245,0,40,1.3,>300,1,,,,,,
EA-1-1,1,PICO,L,290,0,40,1.9,1,1,,,,,,
EA-1-1,1,PICO,L,305,0,40,1.7,1,1,,,,,,
EA-1-1,1,PIPO,L,400,0,40,4,>300,1,,,,,,
EA-1-1,1,PICO,L,440,0,40,3.3,1,1,,,,,,
EA-1-1,1,PICO,L,440,0,40,3.5,1,1,,,,,,
EA-1-1,1,PICO,L,440,0,40,4.6,1,1,,,,,,
EA-1-1,1,PICO,L,460,0,40,4.5,1,1,,,,,,
EA-1-1,1,PICO,L,>480,0,40,4.1,1,1,,,,,,
EA-1-1,1,PICO,L,>480,0,40,4.2,1,1,,,,,,
EA-1-1,1,PICO,L,>480,0,40,4.8,1,1,,,,,,
EA-1-1,1,PICO,L,>480,0,40,4.9,1,1,,,,,,
EA-1-1,1,PICO,L,>480,0,40,5.5,1,1,,,,,,
EA-1-1,1,PICO,L,>480,0,40,5.6,1,1,,,,,,
EA-1-1,1,PICO,L,>480,0,40,5.6,1,1,,,,,,
EA-1-1,1,PICO,L,>480,0,40,5.8,1,1,,,,,,
EA-1-1,1,PICO,L,>480,0,40,5.8,1,1,,,,,,
EA-1-1,1,PICO,L,>480,0,40,6.6,1,1,,,,,,
EA-1-1,2,PICO,D,82,NA,40,0.5,1,1,,,,,,
EA-1-1,2,PICO,D,107,NA,40,0.4,1,1,,,,,,
EA-1-1,2,PICO,D,110,NA,40,0.8,1,1,,,,,,
EA-1-1,2,PICO,L,181,0,40,0.8,1,1,,,,,,
EA-1-1,2,PICO,L,250,0,40,1.9,1,1,,,,,,
EA-1-1,2,PICO,L,290,0,40,2.6,1,1,,,,,,
EA-1-1,2,PICO,L,305,0,40,2.2,1,1,,,,,,
EA-1-1,2,PICO,L,310,0,40,2.1,1,1,,,,,,
EA-1-1,2,PICO,L,360,0,40,3,1,1,,,,,,
EA-1-1,2,PICO,L,400,0,40,4.1,1,1,,,,,,
EA-1-1,2,PICO,L,405,0,40,4.1,1,1,,,,,,
EA-1-1,2,PICO,L,420,0,40,4,1,1,,,,,,
EA-1-1,2,PICO,L,440,0,40,3.7,1,1,,,,,,
EA-1-1,2,PICO,L,440,0,40,5,1,1,,,,,,
EA-1-1,2,PICO,L,450,0,40,5.7,1,1,,,,,,
EA-1-1,2,PICO,L,460,0,40,6.8,1,1,,,,,,
EA-1-1,2,PICO,L,470,0,40,4.1,1,1,,,,,,
EA-1-1,2,PICO,L,475,0,40,4.1,1,1,,,,,,
EA-1-1,2,PICO,L,>480,0,40,5.5,1,1,,,,,,
EA-1-1,2,PICO,L,>480,0,40,6.4,1,1,,,,,,
EA-1-1,3,PICO,L,207,0,40,1.5,1,1,,,,,,
EA-1-1,3,PICO,L,239,0,40,1.7,1,1,,,,,,
EA-1-1,3,PICO,L,270,0,40,1.6,1,1,,,,,,
EA-1-1,3,PICO,L,295,0,40,2.7,1,1,,,,,,
EA-1-1,3,PICO,L,300,0,40,3.4,1,1,,,,,,
EA-1-1,3,PICO,L,340,0,40,3.4,1,1,,,,,,
EA-1-1,3,PICO,L,360,0,40,2.4,1,1,,,,,,
EA-1-1,3,PICO,L,365,0,40,2.8,1,1,,,,,,
EA-1-1,3,PICO,L,375,0,40,3.1,1,1,,,,,,
EA-1-1,3,PICO,L,385,0,40,3.4,1,1,,,,,,
EA-1-1,3,PICO,L,460,0,40,6,1,1,,,,,,
EA-1-1,3,PICO,L,470,0,40,5.9,1,1,,,,,,
EA-1-1,3,PICO,L,>480,0,40,3.9,1,1,,,,,,
EA-1-1,3,PICO,L,>480,0,40,5.3,1,1,,,,,,
EA-1-1,3,PICO,L,>480,0,40,5.8,1,1,,,,,,
EA-1-1,4,PICO,D,132,NA,40,0.8,1,1,,,,,,
EA-1-1,4,PICO,L,176,0,40,1.3,1,1,,,,,,
EA-1-1,4,PICO,L,241,0,40,1.8,1,1,,,,,,
EA-1-1,4,PICO,L,305,0,40,3.3,1,1,,,,,,
EA-1-1,4,PICO,L,310,0,40,2.4,1,1,,,,,,
EA-1-1,4,PICO,L,360,0,40,2.6,1,1,,,,,,
EA-1-1,4,PICO,L,360,0,40,2.9,1,1,,,,,,
EA-1-1,4,PICO,L,370,0,40,3.6,1,1,,,,,,
EA-1-1,4,PICO,L,390,0,40,3.9,1,1,,,,,,
EA-1-1,4,PICO,L,400,0,40,3.8,1,1,,,,,,
EA-1-1,4,LAOC,L,405,0,40,3.2,~200,1,"did not see seed tree w/ laser rangefinder, but saw on hike back (estimated seed tree)",,,,,
EA-1-1,4,PICO,L,440,0,40,3.9,1,1,,,,,,
EA-1-1,4,PICO,L,440,0,40,4.3,1,1,,,,,,
EA-1-1,4,PICO,L,>480,0,40,3.2,1,1,,,,,,
EA-1-1,4,PICO,L,>480,0,40,5.1,1,1,,,,,,
EA-1-1,4,PICO,L,>480,0,40,5.2,1,1,,,,,,
EA-1-1,4,PICO,L,>480,0,40,6.1,1,1,,,,,,
EA-1-1,4,PICO,L,>480,0,40,6.1,1,1,,,,,,
EA-1-1,4,PICO,L,>480,0,40,6.8,1,1,,,,,,
EA-1-2,1,PICO,L,63,1,200,0.7,3,2,,,,,,
EA-1-2,1,LAOC,L,106,0,200,0.7,4.2,2,,,,,,
EA-1-2,1,PICO,L,129,0,200,1.3,3,2,,,,,,
EA-1-2,1,PICO,L,360,0,200,5.9,3,2,,,,,,
EA-1-2,2,PICO,L,96,1,200,1.1,3,2,,,,,,
EA-1-2,2,LAOC,L,>480,0,200,6,4.2,2,,,,,,
EA-1-2,2,LAOC,L,>480,0,200,7.2,4.2,2,,,,,,
EA-1-2,2,LAOC,L,>480,0,200,9.4,4.2,2,,,,,,
EA-1-2,3,LAOC,L,163,0,200,0.9,4.2,2,,,,,,
EA-1-2,3,PICO,L,380,0,200,9.4,3,2,,,,,,
EA-1-2,3,LAOC,L,>480,0,200,5.1,4.2,2,,,,,,
EA-1-2,3,PICO,L,>480,0,200,7.3,3,2,,,,,,
EA-1-2,3,PICO,L,>480,0,200,7.4,3,2,,,,,,
EA-1-2,3,PICO,L,>480,0,200,7.6,3,2,,,,,,
EA-1-2,3,LAOC,L,>480,0,200,8.5,4.2,2,,,,,,
EA-1-2,3,LAOC,L,>480,0,200,9.5,4.2,2,,,,,,
EA-1-2,4,NA,D,240,NA,200,4.1,NA,2,unidentifiable species,,,,,
EA-1-2,4,PICO,D,320,NA,200,5.2,3,2,,,,,,
EA-1-2,4,PICO,D,360,NA,200,7,3,2,,,,,,
EA-1-2,4,PICO,L,430,0,200,9.1,3,2,,,,,,
EA-1-2,4,PICO,L,>480,0,200,8.5,3,2,,,,,,
EA-1-2,X,PICO,L,<50,0,200,NA,3,2,10-50 tally: 1 pico,,,,,
EA-2-3,1,ABGR,L,107,0,200,1.3,28,3,,,,,,
EA-2-3,1,PSME,L,255,0,200,3.3,16,3,,,,,,
EA-2-3,1,PIPO,L,295,0,200,6.6,84.5,3,10-50 tally: 1 ABGR,,,,,
EA-2-3,2,PIPO,L,159,0,200,2.1,84.5,3,,,,,,
EA-2-3,3,ABGR,L,91,0,200,1.3,28,3,,,,,,
EA-2-3,3,PIPO,L,218,0,200,3.7,84.5,3,,,,,,
EA-2-3,3,LAOC,L,305,0,200,3.6,>300,3,,,,,,
EA-2-3,3,PICO,L,305,0,200,5.4,7,3,,,,,,
EA-2-3,3,PIPO,L,325,0,200,6.6,84.5,3,,,,,,
EA-2-3,4,PIPO,L,260,0,200,5,84.5,3,,,,,,
EA-2-3,X,ABGR,L,<50,0,200,NA,28,3,,,,,,
EA-3-2,1,ABGR,L,237,0,80,3,>300,2,10-50 tally: 1 PICO,,,,,
EA-3-2,1,LAOC,L,>480,0,80,9.9,5.2,2,,,,,,
EA-3-2,2,PIPO,L,118,0,80,3.4,>300,2,,,,,,
EA-3-2,2,LAOC,L,320,0,80,2.8,5.2,2,,,,,,
EA-3-2,2,LAOC,L,390,0,80,4.5,5.2,2,,,,,,
EA-3-2,2,PICO,D,>480,NA,80,10,3,2,,,,,,
EA-3-2,3,ABGR,L,156,0,80,1.4,>300,2,,,,,,
EA-3-2,3,LAOC,L,161,0,80,0.8,5.2,2,,,,,,
EA-3-2,3,ABGR,L,168,2,80,1.9,>300,2,,,,,,
EA-3-2,3,ABGR,L,186,0,80,2.3,>300,2,,,,,,
EA-3-2,3,LAOC,L,>480,0,80,9,5.2,2,,,,,,
EA-3-2,4,PICO,L,65,0,80,0.8,3,2,,,,,,
EA-3-2,4,PICO,L,>480,0,80,7.4,3,2,,,,,,
EA-3-2,X,PICO,L,<50,0,80,NA,3,,,,,,,
EA-3-3,1,PICO,L,450,0,120,5.2,3,3,,,,,,
EA-3-3,1,PICO,D,460,NA,120,7.4,3,3,,,,,,
EA-3-3,1,PICO,L,>480,0,120,9.1,3,3,10-50 tally: 2 PICO,,,,,
EA-3-3,3,PICO,L,295,0,120,3.1,3,3,,,,,,
EA-3-3,3,PICO,L,370,0,120,5.4,3,3,,,,,,
EA-3-3,3,PICO,D,390,NA,120,8,3,3,,,,,,
EA-3-3,3,PICO,D,420,NA,120,5.2,3,3,,,,,,
EA-3-3,4,PICO,L,360,0,120,5,3,3,,,,,,
EA-3-3,4,PICO,D,400,NA,120,7.9,3,3,,,,,,
EA-3-3,4,PICO,L,>480,0,120,10,3,3,,,,,,
EA-3-3,X,PICO,L,<50,0,120,NA,3,3,,,,,,
EA-3-3,X,PICO,L,<50,0,120,NA,3,3,,,,,,
EA-4-3,1,PICO,L,340,0,400,8.1,<20,3,nearest seed tree is estimate (forgot); >300 for PIPO,,,,,
EA-4-3,2,PICO,L,280,0,400,2.7,<20,3,,,,,,
EA-4-3,2,PICO,L,295,0,400,6.1,<20,3,,,,,,
EA-4-3,2,PICO,D,305,NA,400,6.6,<20,3,,,,,,
EA-4-3,2,PICO,L,305,0,400,7.5,<20,3,,,,,,
EA-4-3,2,PICO,L,310,0,400,4.3,<20,3,,,,,,
EA-4-3,3,PICO,L,200,0,400,2.3,<20,3,,,,,,
EA-4-3,3,PICO,L,360,0,400,5.8,<20,3,,,,,,
EA-4-3,4,PICO,L,173,0,400,3.2,<20,3,,,,,,
EA-4-3,4,PICO,L,360,0,400,5.6,<20,3,,,,,,
EA-5-1,1,ABGR,L,200,0,40,2.7,>300,1,,,,,,
EA-5-1,1,LAOC,L,460,0,40,3.3,8,1,,,,,,
EA-5-1,1,LAOC,L,460,0,40,3.7,8,1,,,,,,
EA-5-1,1,LAOC,L,>480,0,40,5.1,8,1,,,,,,
EA-5-1,1,LAOC,L,>480,0,40,6.5,8,1,,,,,,
EA-5-1,1,PICO,L,>480,0,40,7.2,0.8,1,,,,,,
EA-5-1,1,PICO,L,>480,0,40,7.3,0.8,1,,,,,,
EA-5-1,1,PICO,L,>480,0,40,7.3,0.8,1,,,,,,
EA-5-1,1,LAOC,L,>480,0,40,8.3,8,1,,,,,,
EA-5-1,1,LAOC,L,>480,0,40,8.6,8,1,,,,,,
EA-5-1,1,PICO,L,>480,0,40,9,0.8,1,,,,,,
EA-5-1,2,ABGR,L,111,2,40,1.2,>300,1,,,,,,
EA-5-1,2,ABGR,L,117,2,40,1.4,>300,1,,,,,,
EA-5-1,2,ABGR,D,129,NA,40,1.5,>300,1,,,,,,
EA-5-1,2,ABGR,L,148,1,40,2.6,>300,1,,,,,,
EA-5-1,2,LAOC,L,156,0,40,1,8,1,,,,,,
EA-5-1,2,LAOC,L,250,0,40,2.2,8,1,,,,,,
EA-5-1,2,PICO,L,385,0,40,5,0.8,1,,,,,,
EA-5-1,2,PICO,L,>480,0,40,6.3,0.8,1,,,,,,
EA-5-1,2,LAOC,L,>480,0,40,8.3,8,1,,,,,,
EA-5-1,3,ABGR,L,138,1,40,2.2,>300,1,,,,,,
EA-5-1,3,LAOC,D,162,NA,40,1.2,8,1,,,,,,
EA-5-1,3,PICO,L,197,0,40,2.5,0.8,1,,,,,,
EA-5-1,3,LAOC,L,340,0,40,4.7,8,1,,,,,,
EA-5-1,3,LAOC,L,350,0,40,4.2,8,1,,,,,,
EA-5-1,3,PICO,L,>480,0,40,6.9,0.8,1,,,,,,
EA-5-1,4,ABGR,L,121,0,40,1.3,>300,1,,,,,,
EA-5-1,4,ABGR,L,130,1,40,1.8,>300,1,,,,,,
EA-5-1,4,ABGR,L,131,2,40,1.4,>300,1,,,,,,
EA-5-1,4,LAOC,L,440,0,40,4.1,8,1,,,,,,
EA-5-1,4,PICO,L,>480,0,40,7.2,0.8,1,,,,,,
EA-5-2,1,PICO,L,55,1,40,0.6,1.9,2,,,,,,
EA-5-2,1,PICO,L,163,0,40,3.4,1.9,2,,,,,,
EA-5-2,1,PICO,L,182,1,40,2.7,1.9,2,,,,,,
EA-5-2,1,PICO,L,330,0,40,3.1,1.9,2,,,,,,
EA-5-2,1,PICO,L,330,0,40,5.7,1.9,2,,,,,,
EA-5-2,1,PICO,L,340,0,40,2.2,1.9,2,,,,,,
EA-5-2,1,PICO,L,360,0,40,4.6,1.9,2,,,,,,
EA-5-2,1,PICO,L,375,0,40,5.2,1.9,2,,,,,,
EA-5-2,1,PICO,L,390,0,40,4.2,1.9,2,,,,,,
EA-5-2,1,PICO,L,440,0,40,5,1.9,2,,,,,,
EA-5-2,1,PICO,L,440,0,40,5.4,1.9,2,,,,,,
EA-5-2,1,PICO,L,>480,0,40,6.5,1.9,2,,,,,,
EA-5-2,1,PICO,L,>480,0,40,6.8,1.9,2,,,,,,
EA-5-2,1,PICO,L,>480,0,40,7,1.9,2,,,,,,
EA-5-2,1,PICO,L,>480,0,40,7.6,1.9,2,,,,,,
EA-5-2,1,PICO,L,>480,0,40,8.6,1.9,2,,,,,,
EA-5-2,2,PIPO,L,300,0,40,4.8,>300,2,,,,,,
EA-5-2,2,PICO,L,460,0,40,6.5,1.9,2,,,,,,
EA-5-2,2,PICO,L,>480,0,40,6.1,1.9,2,,,,,,
EA-5-2,3,LAOC,L,70,2,40,0.7,5,2,,,,,,
EA-5-2,3,ABGR,L,114,0,40,1.9,135,2,,,,,,
EA-5-2,3,ABGR,L,118,1,40,1.9,135,2,,,,,,
EA-5-2,3,PIPO,L,237,0,40,4.1,>300,2,,,,,,
EA-5-2,3,LAOC,L,>480,0,40,6.4,5,2,,,,,,
EA-5-2,3,PICO,L,>480,0,40,8.1,1.9,2,,,,,,
EA-5-2,3,PICO,L,>480,0,40,9.1,1.9,2,,,,,,
EA-5-2,4,PICO,L,370,0,40,5.2,1.9,2,,,,,,
EA-5-2,4,PICO,L,375,0,40,4.6,1.9,2,,,,,,
EA-5-3,1,PICO,L,330,0,60,3.5,3.6,3,,,,,,
EA-5-3,1,PICO,L,350,0,60,2.2,3.6,3,,,,,,
EA-5-3,1,PICO,L,>480,0,60,5.2,3.6,3,LAOC seed tree: 38.4m,,,,,
EA-5-3,1,PICO,L,>480,0,60,5.8,3.6,3,,,,,,
EA-5-3,1,PICO,L,>480,0,60,7,3.6,3,,,,,,
EA-5-3,1,PICO,L,>480,0,60,8.3,3.6,3,,,,,,
EA-5-3,2,PICO,L,405,0,60,4.5,3.6,3,,,,,,
EA-5-3,2,PICO,D,>480,NA,60,6.6,3.6,3,,,,,,
EA-5-3,2,PICO,L,>480,0,60,9,3.6,3,,,,,,
EA-5-3,3,PICO,L,230,0,60,1.4,3.6,3,,,,,,
EA-5-3,3,PICO,L,>480,0,60,3.9,3.6,3,,,,,,
EA-5-3,3,PICO,L,>480,0,60,4.2,3.6,3,,,,,,
EA-5-3,3,PICO,L,>480,0,60,4.3,3.6,3,,,,,,
EA-5-3,3,PICO,L,>480,0,60,5,3.6,3,,,,,,
EA-5-3,4,PICO,L,330,0,60,2.2,3.6,3,,,,,,
EA-5-3,4,PICO,L,360,0,60,3.4,3.6,3,,,,,,
EA-5-3,4,PICO,L,420,0,60,4.5,3.6,3,,,,,,
EA-5-3,4,PICO,L,430,0,60,4.2,3.6,3,,,,,,
EA-5-3,4,PICO,L,460,0,60,3.8,3.6,3,,,,,,
EA-5-3,4,PICO,L,>480,0,60,4.9,3.6,3,,,,,,
EA-5-3,4,PICO,L,>480,0,60,5.4,3.6,3,,,,,,
EA-5-3,4,PICO,L,>480,0,60,5.9,3.6,3,,,,,,
EA-5-3,4,PICO,L,>480,0,60,6.7,3.6,3,,,,,,
EA-5-3,4,PICO,L,>480,0,60,7.8,3.6,3,,,,,,
EA-B3-2,1,ABGR,L,107,0,80,1.3,>300,2,,,,,,
EA-B3-2,1,ABGR,L,145,1,80,2.2,>300,2,,,,,,
EA-B3-2,1,PICO,D,310,NA,80,4.9,1,2,,,,,,
EA-B3-2,1,PICO,L,>480,0,80,6.4,1,2,,,,,,
EA-B3-2,1,LAOC,L,>480,0,80,9.1,1,2,,,,,,
EA-B3-2,2,PICO,L,360,0,80,5,1,2,,,,,,
EA-B3-2,2,PICO,L,440,0,80,5.8,1,2,,,,,,
EA-B3-2,3,ABGR,L,65,0,80,0.6,>300,2,,,,,,
EA-B3-2,3,ABGR,L,74,1,80,1.3,>300,2,,,,,,
EA-B3-2,3,PICO,L,410,0,80,5.4,1,2,,,,,,
EA-B3-2,3,PICO,L,460,0,80,5.3,1,2,,,,,,
EA-B3-2,3,LAOC,L,>480,0,80,6,1,2,,,,,,
EA-B3-2,3,LAOC,L,>480,0,80,7.5,1,2,,,,,,
EA-B3-2,3,PICO,L,>480,0,80,8.3,1,2,,,,,,
EA-B3-2,3,PICO,L,>480,0,80,8.4,1,2,,,,,,
EA-B3-2,4,PICO,L,>480,0,80,8.5,1,2,,,,,,
EA-B3-2,4,PICO,L,>480,0,80,8.8,1,2,,,,,,
EA-B3-2,4,PICO,L,>480,0,80,9.2,1,2,,,,,,
EG-1-1,1,PIPO,L,79,0,400,0.7,184,1,,,,,,
EG-1-1,1,PIPO,L,100,0,400,1.6,184,1,,,,,,
EG-1-1,2,PIPO,L,97,0,400,1,184,1,,,,,,
EG-1-1,2,PIPO,L,103,0,400,1.3,184,1,,,,,,
EG-1-1,3,JUOC,L,68,0,400,0.5,>300,1,,,,,,
EG-1-1,3,PIPO,L,68,0,400,1.4,184,1,,,,,,
EG-1-1,3,PIPO,L,72,0,400,1.1,184,1,,,,,,
EG-1-1,3,PIPO,L,82,0,400,1.8,184,1,,,,,,
EG-1-1,3,PIPO,L,87,0,400,0.7,184,1,,,,,,
EG-1-1,3,PIPO,L,113,0,400,1.6,184,1,,,,,,
EG-1-1,4,PIPO,L,156,0,400,2.6,184,1,,,,,,
EG-1-2,1,PIPO,L,115,0,200,1.3,16,2,,,,,,
EG-1-2,1,PIPO,L,145,0,200,2.7,16,2,,,,,,
EG-1-2,1,PIPO,L,240,0,200,4.2,16,2,10-50 tally: 4 pipo,,,,,
EG-1-2,2,PIPO,L,77,0,200,1.3,16,2,,,,,,
EG-1-2,2,PIPO,L,83,0,200,1.2,16,2,,,,,,
EG-1-2,2,PIPO,L,87,0,200,1.4,16,2,,,,,,
EG-1-2,2,PIPO,L,92,0,200,0.8,16,2,,,,,,
EG-1-2,2,PIPO,L,93,0,200,1,16,2,,,,,,
EG-1-2,2,PIPO,L,93,0,200,1.1,16,2,,,,,,
EG-1-2,2,PIPO,L,112,0,200,1.3,16,2,,,,,,
EG-1-2,2,PIPO,L,114,0,200,1.5,16,2,,,,,,
EG-1-2,2,PIPO,L,115,0,200,1.6,16,2,,,,,,
EG-1-2,2,PIPO,L,127,0,200,1.7,16,2,,,,,,
EG-1-2,2,PIPO,L,155,0,200,3,16,2,,,,,,
EG-1-2,2,PIPO,L,166,1,200,2.5,16,2,,,,,,
EG-1-2,2,PIPO,L,176,0,200,2,16,2,,,,,,
EG-1-2,2,PIPO,L,176,1,200,2.6,16,2,,,,,,
EG-1-2,2,PIPO,L,190,0,200,2.4,16,2,,,,,,
EG-1-2,2,PIPO,L,197,0,200,3,16,2,,,,,,
EG-1-2,3,PIPO,L,69,0,200,1.1,16,2,,,,,,
EG-1-2,3,PIPO,L,86,0,200,1.5,16,2,,,,,,
EG-1-2,3,PIPO,L,106,0,200,1.3,16,2,,,,,,
EG-1-2,3,PIPO,L,112,0,200,1.9,16,2,,,,,,
EG-1-2,3,PIPO,L,163,1,200,3.4,16,2,,,,,,
EG-1-2,3,PIPO,L,189,0,200,3.5,16,2,,,,,,
EG-1-2,3,PIPO,L,202,0,200,2.9,16,2,,,,,,
EG-1-2,3,PIPO,L,213,0,200,3.4,16,2,,,,,,
EG-1-2,4,PIPO,L,109,0,200,2.1,16,2,,,,,,
EG-1-2,4,PIPO,L,112,0,200,1.8,16,2,,,,,,
EG-1-2,4,PIPO,L,114,0,200,1.6,16,2,,,,,,
EG-1-2,4,PIPO,L,120,0,200,1.4,16,2,,,,,,
EG-1-2,4,PIPO,L,121,0,200,1.6,16,2,,,,,,
EG-1-2,4,PIPO,L,125,0,200,1.6,16,2,,,,,,
EG-1-2,4,PIPO,L,157,1,200,3.2,16,2,,,,,,
EG-1-2,4,PIPO,L,177,0,200,2.2,16,2,,,,,,
EG-1-2,4,PIPO,L,186,0,200,3.6,16,2,,,,,,
EG-1-2,4,PIPO,L,190,0,200,3,16,2,,,,,,
EG-1-2,4,PIPO,L,196,0,200,4.2,16,2,,,,,,
EG-1-2,4,PIPO,L,230,0,200,5.1,16,2,,,,,,
EG-1-2,4,PIPO,L,231,0,200,4.5,16,2,,,,,,
EG-1-2,4,PIPO,L,260,0,200,6.6,16,2,,,,,,
EG-1-2,X,PIPO,L,<50,0,200,NA,16,2,,,,,,
EG-1-2,X,PIPO,L,<50,0,200,NA,16,2,,,,,,
EG-1-2,X,PIPO,L,<50,0,200,NA,16,2,,,,,,
EG-1-2,X,PIPO,L,<50,0,200,NA,16,2,,,,,,
EG-1-X,1,PIPO,L,57,0,400,1.3,80,X,10-50 tally: 2 pipo,,,,,
EG-1-X,1,PIPO,L,57,0,400,1.1,80,X,,,,,,
EG-1-X,1,PIPO,L,60,0,400,1.1,80,X,,,,,,
EG-1-X,2,PIPO,L,84,0,400,1.4,80,X,,,,,,
EG-1-X,2,PIPO,L,144,0,400,3.1,80,X,,,,,,
EG-1-X,3,PIPO,L,70,0,400,1.4,80,X,,,,,,
EG-1-X,3,PIPO,L,86,0,400,1.1,80,X,,,,,,
EG-1-X,4,PIPO,L,133,0,400,2.9,80,X,,,,,,
EG-1-X,4,PIPO,L,203,0,400,3.5,80,X,,,,,,
EG-1-X,X,PIPO,L,<50,0,400,NA,80,X,,,,,,
EG-1-X,X,PIPO,L,<50,0,400,NA,80,X,,,,,,
EG-10-2,2,PIPO,L,119,0,400,3,69.1,2,,,,,,
EG-11-1,1,PIPO,L,105,0,200,2,203,1,,,,,,
EG-11-1,1,PIPO,L,125,0,200,3,203,1,,,,,,
EG-11-1,2,PIPO,L,120,0,200,3,203,1,,,,,,
EG-11-1,3,PIPO,L,181,0,200,3,203,1,,,,,,
EG-11-1,3,PIPO,L,217,0,200,5,203,1,,,,,,
EG-11-1,4,PIPO,L,184,0,200,3,203,1,,,,,,
EG-11-2,1,PIPO,L,250,0,200,6.3,55,2,"10-50 tally: 1 pipo, 2 juoc (>300m seed tree)",,,,,
EG-11-2,2,PIPO,L,123,0,200,2.7,55,2,,,,,,
EG-11-2,2,PIPO,L,157,0,200,3.1,55,2,,,,,,
EG-11-2,2,PIPO,L,164,0,200,2.9,55,2,,,,,,
EG-11-2,2,PIPO,L,167,0,200,3.1,55,2,,,,,,
EG-11-2,3,PIPO,L,124,0,200,2.2,55,2,,,,,,
EG-11-2,4,PIPO,L,81,0,200,0.9,55,2,,,,,,
EG-11-2,4,PIPO,L,82,0,200,0.5,55,2,,,,,,
EG-11-2,4,PIPO,L,106,0,200,1.3,55,2,,,,,,
EG-11-2,4,PIPO,L,109,0,200,1.4,55,2,,,,,,
EG-11-2,4,PIPO,L,116,0,200,1.7,55,2,,,,,,
EG-11-2,4,PIPO,L,119,0,200,1.7,55,2,,,,,,
EG-11-2,4,PIPO,L,130,0,200,2.2,55,2,,,,,,
EG-11-2,4,PIPO,L,142,0,200,1.6,55,2,,,,,,
EG-11-2,4,PIPO,L,168,0,200,2.9,55,2,,,,,,
EG-11-2,X,PIPO,L,<50,0,200,NA,55,2,,,,,,
EG-11-2,X,JUOC,L,<50,0,200,NA,>300,2,,,,,,
EG-11-2,X,JUOC,L,<50,0,200,NA,>300,2,,,,,,
EG-12-1,1,PIPO,L,95,0,400,1.1,104,1,,,,,,
EG-12-1,2,PIPO,L,85,0,400,1.9,104,1,,,,,,
EG-12-1,2,PIPO,L,130,0,400,1.8,104,1,,,,,,
EG-12-1,4,PIPO,L,126,0,400,1.6,104,1,,,,,,
EG-12-2,1,PIPO,L,205,0,200,4.5,245,2,,,,,,
EG-12-2,1,PIPO,L,216,0,200,4,245,2,,,,,,
EG-12-2,1,PIPO,L,220,0,200,4.5,245,2,,,,,,
EG-12-2,1,PIPO,L,235,0,200,6,245,2,,,,,,
EG-12-2,2,PIPO,L,197,0,200,4,245,2,,,,,,
EG-12-2,2,PIPO,L,233,0,200,6,245,2,,,,,,
EG-12-2,3,PIPO,L,290,0,200,7,245,2,,,,,,
EG-12-2,4,PIPO,L,245,0,200,5,245,2,,,,,,
EG-2-3,1,PIPO,L,68,0,400,1.3,>300,3,,,,,,
EG-2-3,1,JUOC,L,107,0,400,1.1,156.9,3,,,,,,
EG-2-3,1,JUOC,L,109,0,400,0.9,156.9,3,,,,,,
EG-2-3,1,JUOC,L,112,0,400,1,156.9,3,"10-50 tally: 1 pipo, 1 juoc",,,,,
EG-2-3,2,JUOC,L,80,0,400,0.7,156.9,3,,,,,,
EG-2-3,X,JUOC,L,<50,0,400,NA,156.9,3,,,,,,
EG-2-3,X,PIPO,L,<50,0,400,NA,132,3,,,,,,
EG-2-X,1,PIPO,L,192,0,400,3.7,132,X,,,,,,
EG-2-X,1,PIPO,L,204,0,400,3.7,132,X,10-50 tally: 1 pipo,,,,,
EG-2-X,2,PIPO,L,147,0,400,2.9,132,X,,,,,,
EG-2-X,3,PIPO,L,97,0,400,2,132,X,,,,,,
EG-2-X,3,PIPO,L,225,0,400,4,132,X,,,,,,
EG-2-X,4,PIPO,L,211,0,400,4.4,132,X,,,,,,
EG-2-X,X,PIPO,L,<50,0,400,NA,132,X,,,,,,
EG-3-2,1,PIPO,L,216,0,400,5,185,2,,,,,,
EG-3-2,1,PIPO,L,290,0,400,8,185,2,,,,,,
EG-3-2,1,PIPO,L,300,0,400,8,185,2,,,,,,
EG-3-2,2,PIPO,L,83,0,400,2,185,2,,,,,,
EG-3-2,2,PIPO,L,235,0,400,4,185,2,,,,,,
EG-3-2,3,PIPO,L,198,0,400,4,185,2,,,,,,
EG-3-3,1,PIPO,L,55,1,400,0.4,279,3,,,,,,
EG-3-X,1,PIPO,L,132,0,200,1.6,35,X,struggling,,,,,
EG-3-X,1,PIPO,L,134,0,200,1.4,35,X,struggling,,,,,
EG-3-X,1,PIPO,L,146,1,200,2.8,35,X,dying,,,,,
EG-3-X,1,PIPO,L,212,0,200,4.4,35,X,10-50 tally: 4 pipo,,,,,
EG-3-X,1,PIPO,L,212,0,200,3.6,35,X,,,,,,
EG-3-X,2,PIPO,L,66,0,200,0.9,35,X,,,,,,
EG-3-X,2,PIPO,L,106,1,200,2.2,35,X,,,,,,
EG-3-X,2,PIPO,L,186,0,200,3.4,35,X,,,,,,
EG-3-X,2,PIPO,L,240,0,200,3.7,35,X,,,,,,
EG-3-X,3,PIPO,L,133,0,200,1.9,35,X,bleaching,,,,,
EG-3-X,3,PIPO,L,176,0,200,2.2,35,X,bleaching,,,,,
EG-3-X,3,PIPO,L,217,1,200,4.4,35,X,,,,,,
EG-3-X,3,PIPO,L,275,0,200,4.2,35,X,bleaching,,,,,
EG-3-X,4,PIPO,L,154,1,200,2.2,35,X,,,,,,
EG-3-X,4,PIPO,L,166,0,200,1.7,35,X,,,,,,
EG-3-X,4,PIPO,L,180,0,200,2.8,35,X,,,,,,
EG-3-X,4,PIPO,L,191,0,200,1.7,35,X,,,,,,
EG-3-X,4,PIPO,L,213,0,200,3.7,35,X,bleaching,,,,,
EG-3-X,4,PIPO,L,280,0,200,4.4,35,X,,,,,,
EG-3-X,X,PIPO,L,<50,0,200,NA,35,X,,,,,,
EG-3-X,X,PIPO,L,<50,0,200,NA,35,X,,,,,,
EG-3-X,X,PIPO,L,<50,0,200,NA,35,X,,,,,,
EG-3-X,X,PIPO,L,<50,0,200,NA,35,X,,,,,,
EG-4-1,2,PIPO,L,56,0,400,1.1,140,1,10-50 tally: 7 pipo,,,,,
EG-4-1,2,PIPO,L,56,0,400,1.6,140,1,,,,,,
EG-4-1,2,PIPO,L,58,0,400,0.9,140,1,,,,,,
EG-4-1,3,PIPO,L,76,0,400,1,140,1,,,,,,
EG-4-1,3,PIPO,L,83,0,400,1,140,1,,,,,,
EG-4-1,4,PIPO,L,98,0,400,1.5,140,1,,,,,,
EG-4-1,4,PIPO,D,114,NA,400,2.9,140,1,,,,,,
EG-4-1,4,PIPO,L,146,0,400,2.4,140,1,,,,,,
EG-4-1,X,PIPO,L,<50,0,400,NA,140,1,,,,,,
EG-4-1,X,PIPO,L,<50,0,400,NA,140,1,,,,,,
EG-4-1,X,PIPO,L,<50,0,400,NA,140,1,,,,,,
EG-4-1,X,PIPO,L,<50,0,400,NA,140,1,,,,,,
EG-4-1,X,PIPO,L,<50,0,400,NA,140,1,,,,,,
EG-4-1,X,PIPO,L,<50,0,400,NA,140,1,,,,,,
EG-4-1,X,PIPO,L,<50,0,400,NA,140,1,,,,,,
EG-4-2,1,PIPO,L,88,0,200,2,13.2,2,,,,,,
EG-4-2,1,PIPO,L,156,0,200,3,13.2,2,,,,,,
EG-4-2,1,PIPO,L,163,0,200,3,13.2,2,,,,,,
EG-4-2,1,PIPO,L,185,0,200,4,13.2,2,,,,,,
EG-4-2,1,PIPO,L,197,0,200,3,13.2,2,,,,,,
EG-4-2,1,PIPO,L,240,0,200,6,13.2,2,strange DBH values for this site; almost all = multiples of 1,,,,,
EG-4-2,2,JUOC,L,63,0,200,1,>300,2,no seed tree in sight,,,,,
EG-4-2,2,PIPO,L,73,0,200,1.5,13.2,2,,,,,,
EG-4-2,2,PIPO,L,206,0,200,8,13.2,2,,,,,,
EG-4-2,2,PIPO,L,240,0,200,6,13.2,2,,,,,,
EG-4-2,3,PIPO,L,69,0,200,2,13.2,2,,,,,,
EG-4-2,3,NA,D,103,NA,200,2,13.2,2,can't ID (dead),,,,,
EG-4-2,3,PIPO,L,105,0,200,2,13.2,2,,,,,,
EG-4-2,3,PIPO,L,120,0,200,2,13.2,2,,,,,,
EG-4-2,3,PIPO,L,123,0,200,3,13.2,2,,,,,,
EG-4-2,3,PIPO,L,230,0,200,6,13.2,2,,,,,,
EG-4-2,4,PIPO,L,65,0,200,2,13.2,2,,,,,,
EG-4-2,4,PIPO,L,79,0,200,1,13.2,2,,,,,,
EG-4-2,4,PIPO,L,101,0,200,2,13.2,2,,,,,,
EG-4-2,4,PIPO,L,110,0,200,2.5,13.2,2,,,,,,
EG-4-2,4,PIPO,L,134,0,200,2,13.2,2,,,,,,
EG-4-2,4,PIPO,L,137,0,200,2,13.2,2,,,,,,
EG-4-2,4,PIPO,L,141,0,200,3,13.2,2,,,,,,
EG-4-2,4,PIPO,L,152,0,200,3,13.2,2,,,,,,
EG-4-2,4,PIPO,L,155,0,200,2,13.2,2,,,,,,
EG-4-2,4,PIPO,L,155,0,200,3,13.2,2,,,,,,
EG-4-2,4,PIPO,L,230,0,200,4,13.2,2,,,,,,
EG-4-2,4,PIPO,L,235,0,200,3,13.2,2,,,,,,
EG-4-2,4,PIPO,L,250,0,200,6,13.2,2,,,,,,
EG-4-2,4,PIPO,L,250,0,200,6,13.2,2,,,,,,
EG-4-2,4,PIPO,L,250,0,200,7,13.2,2,,,,,,
EG-4-2,X,PIPO,L,<50,0,200,NA,13.2,2,10-50 tally: 1 PIPO,,,,,
EG-4-3,1,PIPO,L,60,1,400,1.5,148,3,,,,,,
EG-4-3,1,PIPO,L,72,0,400,1,148,3,,,,,,
EG-4-3,1,PIPO,L,80,0,400,1.2,148,3,,,,,,
EG-4-3,2,PIPO,L,62,1,400,1,148,3,,,,,,
EG-4-3,2,PIPO,L,64,0,400,0.7,148,3,,,,,,
EG-4-3,2,PIPO,L,117,0,400,1.4,148,3,,,,,,
EG-4-3,4,PIPO,L,66,0,400,1.5,148,3,,,,,,
EG-5-1,2,PIPO,L,63,0,400,1,>300,1,,,,,,
EG-5-1,2,PIPO,L,104,0,400,1.6,>300,1,,,,,,
EG-5-1,2,PIPO,L,109,0,400,1.9,>300,1,10-50 tally: 2 pipo,,,,,
EG-5-1,3,PIPO,L,93,0,400,1.5,>300,1,,,,,,
EG-5-1,3,PIPO,L,122,0,400,1.6,>300,1,,,,,,
EG-5-1,X,PIPO,L,<50,0,400,NA,>300,1,,,,,,
EG-5-1,X,PIPO,L,<50,0,400,NA,>300,1,,,,,,
EG-5-2,2,PIPO,L,129,0,400,2.1,91.1,2,10-50 tally: 2 pipo,,,,,
EG-5-2,3,PIPO,L,74,0,400,0.7,91.1,2,,,,,,
EG-5-2,3,PIPO,L,74,0,400,0.9,91.1,2,,,,,,
EG-5-2,3,PIPO,L,85,0,400,1.5,91.1,2,,,,,,
EG-5-2,4,PIPO,L,71,0,400,0.9,91.1,2,,,,,,
EG-5-2,4,PIPO,L,121,0,400,2.3,91.1,2,,,,,,
EG-5-2,4,PIPO,L,126,1,400,2.1,91.1,2,,,,,,
EG-5-2,4,PIPO,L,145,1,400,3.5,91.1,2,,,,,,
EG-5-2,4,PIPO,L,170,0,400,3.9,91.1,2,,,,,,
EG-5-2,X,PIPO,L,<50,0,400,NA,91.1,1,,,,,,
EG-5-2,X,PIPO,L,<50,0,400,NA,91.1,1,,,,,,
EG-6-2,1,PIPO,L,171,0,200,2.8,32.4,2,,,,,,
EG-6-2,1,PIPO,L,255,0,200,5.8,32.4,2,,,,,,
EG-6-2,2,JUOC,L,65,0,200,1.2,234,2,,,,,,
EG-6-2,2,PIPO,L,275,0,200,4.9,32.4,2,,,,,,
EG-6-2,3,PIPO,L,173,0,200,3,32.4,2,,,,,,
EG-6-2,3,PIPO,L,176,0,200,3.3,32.4,2,,,,,,
EG-6-2,4,PIPO,L,169,0,200,3.2,32.4,2,,,,,,
EG-6-2,4,PIPO,L,245,0,200,6.1,32.4,2,,,,,,
EG-6-3,2,PIPO,L,75,0,400,2,>300,3,,,,,,
EG-7-1,-,-,-,-,-,400,-,>300,1,,,,,,
EG-7-3,2,PIPO,L,94,0,400,1.2,126,3,10-50 tally: 1 PIPO,,,,,
EG-7-3,4,PIPO,D,105,NA,400,1.3,126,3,,,,,,
EG-7-3,X,PIPO,L,<50,0,400,NA,126,3,,,,,,
EG-8-1,1,PIPO,L,57,0,400,1.1,64,1,,,,,,
EG-8-1,1,JUOC,L,83,0,400,1.3,65.6,1,,,,,,
EG-8-1,1,JUOC,L,85,0,400,0.4,65.6,1,,,,,,
EG-8-1,1,PIPO,L,164,0,400,2.2,64,1,,,,,,
EG-8-1,2,JUOC,L,108,0,400,1.7,65.6,1,,,,,,
EG-8-2,1,PIPO,L,82,0,200,2,118,2,,,,,,
EG-8-2,1,PIPO,L,181,0,200,4,118,2,,,,,,
EG-8-2,1,PIPO,L,191,0,200,5,118,2,strange DBH values for this site; almost all = multiples of 1,,,,,
EG-8-2,1,PIPO,L,199,0,200,5,118,2,,,,,,
EG-8-2,2,PIPO,L,83,0,200,2,118,2,,,,,,
EG-8-2,2,PIPO,L,164,0,200,4,118,2,,,,,,
EG-8-2,2,PIPO,L,174,0,200,4,118,2,,,,,,
EG-8-2,3,PIPO,L,115,0,200,2,118,2,,,,,,
EG-8-2,3,PIPO,L,124,0,200,2,118,2,,,,,,
EG-8-2,3,PIPO,L,130,0,200,2,118,2,,,,,,
EG-8-2,3,PIPO,L,147,0,200,3,118,2,,,,,,
EG-8-2,3,PIPO,L,178,0,200,3,118,2,,,,,,
EG-8-2,3,PIPO,L,221,0,200,4,118,2,,,,,,
EG-8-2,3,PIPO,L,240,0,200,3,118,2,,,,,,
EG-8-2,3,PIPO,L,240,0,200,4,118,2,,,,,,
EG-8-2,3,PIPO,L,250,0,200,7,118,2,,,,,,
EG-8-2,3,PIPO,L,270,0,200,7,118,2,,,,,,
EG-8-2,4,PIPO,L,134,0,200,3,118,2,,,,,,
EG-8-3,2,PIPO,L,117,0,400,1.7,>300,3,10-50 tally: 2 PIPO,,,,,
EG-8-3,2,PIPO,L,121,0,400,2.1,>300,3,,,,,,
EG-8-3,3,PIPO,L,53,0,400,1.1,>300,3,,,,,,
EG-8-3,X,PIPO,L,<50,0,400,NA,>300,3,,,,,,
EG-8-3,X,PIPO,L,<50,0,400,NA,>300,3,,,,,,
EG-9-2,1,JUOC,L,85,0,400,1.4,39.9,2,,,,,,
EG-9-2,1,JUOC,L,87,0,400,2.7,39.9,2,,,,,,
EG-9-2,1,NA,D,105,NA,400,2,NA,2,unable to identify,,,,,
EG-9-2,1,PIPO,L,105,0,400,1.3,41,2,,,,,,
EG-9-2,1,PIPO,L,171,0,400,3.1,41,2,"10-50 tally: 2 pipo, 3 juoc",,,,,
EG-9-2,3,JUOC,L,72,0,400,0.8,39.9,2,,,,,,
EG-9-2,3,JUOC,L,73,0,400,0.7,39.9,2,,,,,,
EG-9-2,3,JUOC,L,76,0,400,1.2,39.9,2,,,,,,
EG-9-2,3,PIPO,L,77,0,400,1.7,41,2,,,,,,
EG-9-2,3,JUOC,L,85,0,400,1.2,39.9,2,,,,,,
EG-9-2,3,JUOC,L,87,0,400,1.1,39.9,2,,,,,,
EG-9-2,4,PIPO,L,83,0,400,1.5,41,2,,,,,,
EG-9-2,4,PIPO,L,118,0,400,2.1,41,2,,,,,,
EG-9-2,4,JUOC,L,119,0,400,1.5,39.9,2,,,,,,
EG-9-2,X,PIPO,L,<50,0,400,NA,41,2,,,,,,
EG-9-2,X,PIPO,L,<50,0,400,NA,41,2,,,,,,
EG-9-2,X,JUOC,L,<50,0,400,NA,39.9,2,,,,,,
EG-9-2,X,JUOC,L,<50,0,400,NA,39.9,2,,,,,,
EG-9-2,X,JUOC,L,<50,0,400,NA,39.9,2,,,,,,
EG-9-3,1,PIPO,L,131,0,400,3,53,3,,,,,,
EG-9-3,3,PIPO,L,104,0,400,2,53,3,,,,,,
EG-9-3,3,PIPO,L,186,0,400,5,53,3,,,,,,
EG-9-3,3,NA,D,202,NA,400,7.5,53,3,could not identify,,,,,
EG-B1-1,1,PIPO,L,100,0,200,2.1,113,1,10-50 tally: 1 PIPO,,,,,
EG-B1-1,1,PIPO,L,108,0,200,1.1,113,1,,,,,,
EG-B1-1,2,PIPO,L,95,0,200,1.7,113,1,,,,,,
EG-B1-1,2,PIPO,L,148,0,200,2.2,113,1,,,,,,
EG-B1-1,2,PIPO,L,184,0,200,3.3,113,1,,,,,,
EG-B1-1,3,PIPO,L,100,0,200,2.6,113,1,,,,,,
EG-B1-1,3,PIPO,L,124,0,200,2,113,1,,,,,,
EG-B1-1,3,PIPO,L,198,0,200,3,113,1,,,,,,
EG-B1-1,4,PIPO,L,73,0,200,1.3,113,1,,,,,,
EG-B1-1,X,PIPO,L,<50,0,200,NA,113,1,,,,,,
EG-B3-2,1,PIPO,L,63,0,200,1,26.6,2,,,,,,
EG-B3-2,1,PIPO,L,152,0,200,2,26.6,2,,,,,,
EG-B3-2,1,PIPO,L,194,0,200,3.5,26.6,2,,,,,,
EG-B3-2,1,PIPO,L,195,0,200,3,26.6,2,,,,,,
EG-B3-2,1,PIPO,L,196,0,200,4,26.6,2,,,,,,
EG-B3-2,1,PIPO,L,198,0,200,3,26.6,2,,,,,,
EG-B3-2,1,PIPO,L,218,0,200,4,26.6,2,,,,,,
EG-B3-2,1,PIPO,L,222,0,200,4,26.6,2,,,,,,
EG-B3-2,1,PIPO,L,230,0,200,9,26.6,2,,,,,,
EG-B3-2,1,PIPO,L,240,0,200,6,26.6,2,10-50cm tally: 1,,,,,
EG-B3-2,1,PIPO,L,290,0,200,6,26.6,2,,,,,,
EG-B3-2,2,PIPO,L,57,0,200,2,26.6,2,,,,,,
EG-B3-2,2,PIPO,L,81,0,200,1,26.6,2,,,,,,
EG-B3-2,2,PIPO,L,103,0,200,2,26.6,2,,,,,,
EG-B3-2,2,PIPO,L,110,0,200,2,26.6,2,,,,,,
EG-B3-2,2,PIPO,L,135,0,200,2.5,26.6,2,,,,,,
EG-B3-2,2,PIPO,L,137,0,200,3,26.6,2,,,,,,
EG-B3-2,2,PIPO,L,141,0,200,3,26.6,2,,,,,,
EG-B3-2,2,PIPO,L,177,0,200,2.5,26.6,2,,,,,,
EG-B3-2,2,PIPO,L,220,0,200,4,26.6,2,,,,,,
EG-B3-2,2,PIPO,L,240,0,200,4,26.6,2,,,,,,
EG-B3-2,2,PIPO,L,250,0,200,5,26.6,2,,,,,,
EG-B3-2,3,PIPO,L,70,0,200,2,26.6,2,,,,,,
EG-B3-2,3,PIPO,L,149,0,200,4,26.6,2,,,,,,
EG-B3-2,3,PIPO,L,199,0,200,4,26.6,2,,,,,,
EG-B3-2,4,PIPO,L,77,0,200,2,26.6,2,,,,,,
EG-B3-2,4,PIPO,L,105,0,200,2,26.6,2,,,,,,
EG-B3-2,X,PIPO,L,<50,0,200,NA,26.6,2,,,,,,
EG-B7-2,1,PIPO,L,210,0,200,3.5,43,2,10-50cm tally: 3,,,,,
EG-B7-2,1,PIPO,L,250,0,200,5.5,43,2,,,,,,
EG-B7-2,2,PIPO,L,240,0,200,7.1,43,2,,,,,,
EG-B7-2,2,PIPO,L,270,0,200,6.8,43,2,,,,,,
EG-B7-2,3,PIPO,L,60,0,200,1.1,43,2,,,,,,
EG-B7-2,3,PIPO,L,245,0,200,7.6,43,2,,,,,,
EG-B7-2,4,PIPO,L,133,0,200,2.1,43,2,,,,,,
EG-B7-2,X,PIPO,L,<50,0,200,NA,43,2,,,,,,
EG-B7-2,X,PIPO,L,<50,0,200,NA,43,2,,,,,,
EG-B7-2,X,PIPO,L,<50,0,200,NA,43,2,,,,,,
EG-B8-1,-,-,-,-,-,400,-,>300,1,,,,,,
EG-B9-1,-,-,-,-,-,400,-,>300,1,,,,,,
FL-1-X,1,PICO,L,240,0,100,2.1,1.49,X,seeds,,,,,
FL-1-X,1,PICO,L,290,0,100,3.9,1.49,X,seeds,,,,,
FL-1-X,1,PICO,L,330,0,100,5.6,1.49,X,seeds,,,,,
FL-1-X,1,PICO,L,330,0,100,3.1,1.49,X,,,,,,
FL-1-X,1,PICO,L,505,0,100,5.5,1.49,X,seeds,,,,,
FL-1-X,2,PIPO,L,136,0,100,1.9,>300,X,,,,,,
FL-1-X,2,PICO,L,197,0,100,2,1.49,X,,,,,,
FL-1-X,2,PICO,L,245,0,100,3,1.49,X,seeds,,,,,
FL-1-X,2,PICO,L,275,0,100,3.8,1.49,X,seeds,,,,,
FL-1-X,2,PICO,L,330,0,100,4.3,1.49,X,seeds,,,,,
FL-1-X,2,PICO,L,335,0,100,6.1,1.49,X,seeds,,,,,
FL-1-X,2,PICO,L,370,0,100,4.3,1.49,X,seeds,,,,,
FL-1-X,2,PICO,L,390,0,100,5,1.49,X,seeds,,,,,
FL-1-X,3,PICO,L,122,0,100,0.9,1.49,X,,,,,,
FL-1-X,3,PICO,L,125,0,100,0.7,1.49,X,,,,,,
FL-1-X,3,PICO,L,150,0,100,1.2,1.49,X,,,,,,
FL-1-X,3,PICO,L,164,0,100,1.3,1.49,X,,,,,,
FL-1-X,3,PICO,L,238,0,100,3,1.49,X,seeds,,,,,
FL-1-X,3,PICO,L,240,0,100,2.6,1.49,X,,,,,,
FL-1-X,3,PICO,L,280,0,100,3.6,1.49,X,,,,,,
FL-1-X,3,PICO,L,290,0,100,4,1.49,X,,,,,,
FL-1-X,3,PICO,L,300,0,100,4.8,1.49,X,seeds,,,,,
FL-1-X,3,PICO,L,300,0,100,3.4,1.49,X,,,,,,
FL-1-X,3,PICO,L,310,0,100,3.2,1.49,X,seeds,,,,,
FL-1-X,3,PICO,L,310,0,100,4.2,1.49,X,seeds,,,,,
FL-1-X,3,PICO,L,360,0,100,6.9,1.49,X,seeds,,,,,
FL-1-X,4,PICO,L,60,0,100,0.7,1.49,X,,,,,,
FL-1-X,4,PICO,L,72,0,100,0.7,1.49,X,,,,,,
FL-1-X,4,PICO,L,121,0,100,0.8,1.49,X,,,,,,
FL-1-X,4,PICO,L,162,0,100,1.5,1.49,X,,,,,,
FL-1-X,4,PICO,L,176,0,100,1.4,1.49,X,,,,,,
FL-1-X,4,PICO,L,204,0,100,2,1.49,X,,,,,,
FL-1-X,4,PICO,L,215,0,100,2.6,1.49,X,seeds,,,,,
FL-1-X,4,PICO,L,234,0,100,3.4,1.49,X,seeds,,,,,
FL-1-X,4,PICO,L,250,0,100,3.2,1.49,X,seeds,,,,,
FL-1-X,4,PICO,L,270,0,100,2.1,1.49,X,seeds,,,,,
FL-1-X,4,PICO,L,280,0,100,3.3,1.49,X,seeds,,,,,
FL-1-X,4,PICO,L,300,0,100,3,1.49,X,seeds,,,,,
FL-1-X,4,PICO,L,310,0,100,3.4,1.49,X,seeds,,,,,
FL-1-X,4,PICO,L,320,0,100,6,1.49,X,seeds,,,,,
FL-1-X,4,PICO,L,330,0,100,3.9,1.49,X,seeds,,,,,
FL-1-X,4,PICO,L,335,0,100,4.8,1.49,X,seeds,,,,,
FL-1-X,4,PICO,L,340,0,100,4.6,1.49,X,seeds,,,,,
FL-1-X,4,PICO,L,340,0,100,6.8,1.49,X,seeds,,,,,
FL-1-X,4,PICO,L,400,0,100,7.8,1.49,X,seeds,,,,,
FL-1-X,4,PICO,L,500,0,100,9.8,1.49,X,seeds,,,,,
FL-10-1,1,PIPO,L,127,0,200,2.4,100,1,,,,,,
FL-10-1,1,PIPO,L,205,0,200,4.1,100,1,10-50 tally 2 pipo; seed tree - laser rangefinder did not work in fog; best estimate,,,,,
FL-10-1,2,PIPO,L,148,0,200,2.4,100,1,,,,,,
FL-10-1,3,PIPO,L,85,0,200,1.2,100,1,,,,,,
FL-10-1,3,PIPO,L,107,0,200,1.2,100,1,,,,,,
FL-10-1,3,PIPO,L,124,0,200,1.7,100,1,,,,,,
FL-10-1,3,PIPO,L,211,0,200,4.2,100,1,,,,,,
FL-10-1,3,PIPO,L,232,0,200,5.3,100,1,,,,,,
FL-10-1,4,PIPO,L,85,0,200,1.4,100,1,,,,,,
FL-10-1,4,PIPO,L,179,0,200,2.6,100,1,,,,,,
FL-10-1,4,PIPO,L,184,0,200,2.6,100,1,,,,,,
FL-10-1,4,PIPO,L,186,0,200,4.2,100,1,,,,,,
FL-10-1,4,PIPO,L,280,0,200,8.7,100,1,,,,,,
FL-10-1,X,PIPO,L,<50,0,200,NA,100,1,,,,,,
FL-10-1,X,PIPO,L,<50,0,200,NA,100,1,,,,,,
FL-4-2,1,PIPO,L,55,0,400,0.7,132,2,,,,,,
FL-4-2,1,PIPO,L,83,0,400,1.8,132,2,"10-50 tally: 1 juoc, seed tree >300m",,,,,
FL-4-2,3,PIPO,L,74,0,400,1.2,132,2,,,,,,
FL-4-2,4,PICO,L,310,0,400,5.9,3.2,2,,,,,,
FL-4-2,4,PICO,L,330,0,400,6.2,3.2,2,,,,,,
FL-4-2,4,PIPO,L,330,0,400,7.3,132,2,,,,,,
FL-4-2,4,PIPO,L,380,0,400,6.9,132,2,,,,,,
FL-4-2,4,PICO,L,430,0,400,7.5,3.2,2,,,,,,
FL-4-2,X,JUOC,L,<50,0,400,NA,>300,2,,,,,,
FL-5-1,1,PIPO,L,315,0,400,6.6,>300,1,,,,,,
FL-5-1,1,PIPO,L,325,0,400,7.3,>300,1,"* site looks planted, the trees/saplings in subplot 1 are spaced too evenly; soil around base of trees is too perfect for it not to be planted. All trees marked with a * are most likely planted",,,,,
FL-5-1,1,PIPO,L,375,0,400,10,>300,1,,,,,,
FL-5-1,2,PIPO,L,275,0,400,7.7,>300,1,,,,,,
FL-5-1,4,PIPO,L,290,0,400,8,>300,1,*,,,,,
FL-5-1,4,PIPO,L,295,0,400,7.9,>300,1,*,,,,,
FL-5-2,1,PIPO,L,300,0,200,5.3,>300,2,,,,,,
FL-5-2,1,PIPO,L,330,0,200,6.6,>300,2,"* forgot to measure seed tree for both species, however PICO seeding tree was ~5 m from plot center, there was no nearby seeding PIPO tree",,,,,
FL-5-2,2,PIPO,L,320,0,200,6.4,>300,2,,,,,,
FL-5-2,2,PICO,L,360,0,200,5.3,~5,2,,,,,,
FL-5-2,3,PICO,L,239,0,200,2.8,~5,2,,,,,,
FL-5-2,3,PIPO,L,320,0,200,5.3,>300,2,,,,,,
FL-5-2,3,PICO,L,360,0,200,5.3,~5,2,,,,,,
FL-5-2,4,PIPO,L,330,0,200,6.9,>300,2,,,,,,
FL-6-2,1,PIPO,L,116,0,200,0.8,50,2,"10-50 tally: 4 pipo, 1 juoc",,,,,
FL-6-2,1,PIPO,L,245,0,200,4.6,50,2,,,,,,
FL-6-2,1,PIPO,L,295,0,200,6.5,50,2,,,,,,
FL-6-2,1,PIPO,L,335,0,200,8.9,50,2,,,,,,
FL-6-2,2,PIPO,L,96,0,200,0.9,50,2,,,,,,
FL-6-2,2,PIPO,L,129,0,200,1.7,50,2,,,,,,
FL-6-2,2,PIPO,L,265,0,200,6.5,50,2,,,,,,
FL-6-2,3,PIPO,L,70,0,200,0.9,50,2,,,,,,
FL-6-2,3,PIPO,L,80,0,200,0.7,50,2,,,,,,
FL-6-2,3,PIPO,L,100,0,200,1,50,2,,,,,,
FL-6-2,3,PIPO,L,104,1,200,1.3,50,2,,,,,,
FL-6-2,3,PIPO,L,250,0,200,5.3,50,2,,,,,,
FL-6-2,4,PIPO,L,130,0,200,2.3,50,2,,,,,,
FL-6-2,4,PIPO,L,183,0,200,3.3,50,2,,,,,,
FL-6-2,4,PIPO,L,196,0,200,2.5,50,2,,,,,,
FL-6-2,4,PIPO,L,217,0,200,4.2,50,2,,,,,,
FL-6-2,4,PIPO,L,226,0,200,3.6,50,2,,,,,,
FL-6-2,4,PIPO,L,260,0,200,5.3,50,2,,,,,,
FL-6-2,4,PIPO,L,260,0,200,6.1,50,2,,,,,,
FL-6-2,4,PIPO,L,320,0,200,8.3,50,2,,,,,,
FL-6-2,X,PIPO,L,<50,0,200,NA,50,2,,,,,,
FL-6-2,X,PIPO,L,<50,0,200,NA,50,2,,,,,,
FL-6-2,X,PIPO,L,<50,0,200,NA,50,2,,,,,,
FL-6-2,X,PIPO,L,<50,0,200,NA,50,2,,,,,,
FL-6-2,X,JUOC,L,<50,0,200,NA,>300,2,,,,,,
FL-7-1,1,PIPO,L,98,0,200,1.4,63,1,,,,,,
FL-7-1,1,PIPO,L,186,0,200,2.2,63,1,,,,,,
FL-7-1,1,PIPO,L,196,0,200,2.3,63,1,PSME nearest seed tree = 98m,,,,,
FL-7-1,1,PIPO,L,217,0,200,4,63,1,,,,,,
FL-7-1,2,PIPO,L,187,0,200,3.1,63,1,,,,,,
FL-7-1,2,PIPO,L,190,0,200,2.3,63,1,,,,,,
FL-7-1,2,PIPO,L,231,0,200,3.6,63,1,,,,,,
FL-7-1,2,PIPO,L,265,0,200,4.6,63,1,,,,,,
FL-7-1,3,PIPO,L,133,0,200,2.6,63,1,,,,,,
FL-7-1,3,PIPO,L,255,0,200,4.8,63,1,,,,,,
FL-7-1,3,PIPO,L,310,0,200,7.9,63,1,,,,,,
FL-9-2,1,PIPO,L,238,0,200,3.9,252,2,,,,,,
FL-9-2,2,PIPO,L,210,0,200,2.2,252,2,,,,,,
FL-9-2,2,PIPO,L,235,0,200,2.9,252,2,,,,,,
FL-9-2,2,PIPO,L,320,0,200,6.8,252,2,,,,,,
FL-9-2,2,PIPO,L,340,0,200,7.7,252,2,,,,,,
FL-9-2,2,PIPO,L,370,0,200,8.3,252,2,,,,,,
FL-9-2,3,PIPO,L,63,0,200,0.6,252,2,DBH @ 20,,,,,
FL-9-2,3,PIPO,L,65,0,200,1,252,2,DBH @ 20,,,,,
FL-9-2,3,PIPO,L,75,0,200,1,252,2,DBH @ 25,,,,,
FL-9-2,3,PIPO,L,94,0,200,0.5,252,2,DBH @ 50,,,,,
FL-9-2,3,PIPO,L,240,0,200,4.5,252,2,,,,,,
FL-9-2,3,PIPO,L,242,1,200,3.3,252,2,,,,,,
FL-9-2,3,PIPO,L,245,1,200,4.6,252,2,,,,,,
FL-9-2,3,PIPO,L,270,1,200,5,252,2,,,,,,
FL-9-2,3,PIPO,L,300,1,200,5.3,252,2,,,,,,
FL-9-2,3,PICO,L,-,0,200,4.7,5,2,seed-bearing lodgepole,,,,,
FL-9-2,4,PIPO,L,53,1,200,0.4,252,2,DBH @ 20,,,,,
FL-9-2,4,PIPO,L,53,1,200,0.5,252,2,DBH @ 20,,,,,
FL-9-2,4,PIPO,L,62,1,200,1.4,252,2,DBH @ 80,,,,,
FL-9-2,4,PIPO,L,104,1,200,1.1,252,2,DBH @ 80,,,,,
FL-9-2,4,PIPO,L,119,0,200,1.3,252,2,DBH @ 90,,,,,
FL-9-2,4,PIPO,L,132,0,200,1.5,252,2,DBH @ 80,,,,,
FL-9-2,4,PIPO,L,154,0,200,1.1,252,2,,,,,,
FL-9-2,4,PIPO,L,238,0,200,4.1,252,2,,,,,,
FL-9-2,4,PIPO,L,300,0,200,7,252,2,,,,,,
FL-9-2,4,PSME,L,410,0,200,6.1,154,2,,,,,,
FL-B5-2,1,PSME,L,85,1,40,1.1,>300,2,,,,,,
FL-B5-2,1,PICO,L,116,0,40,0.4,1.3,2,,,,,,
FL-B5-2,1,PICO,L,145,0,40,1.3,1.3,2,,,,,,
FL-B5-2,1,PICO,L,150,0,40,1,1.3,2,,,,,,
FL-B5-2,1,PICO,L,156,0,40,1.1,1.3,2,,,,,,
FL-B5-2,1,PICO,L,173,0,40,0.9,1.3,2,,,,,,
FL-B5-2,1,PICO,L,181,0,40,1.4,1.3,2,,,,,,
FL-B5-2,1,PICO,L,190,0,40,1.5,1.3,2,,,,,,
FL-B5-2,1,PICO,L,200,0,40,0.9,1.3,2,,,,,,
FL-B5-2,1,PICO,L,220,0,40,2.6,1.3,2,,,,,,
FL-B5-2,1,PICO,L,233,0,40,1.4,1.3,2,"10-50 tally: 3 pico, 4 psme",,,,,
FL-B5-2,1,PICO,L,245,0,40,1.8,1.3,2,,,,,,
FL-B5-2,1,PICO,L,250,0,40,2.2,1.3,2,,,,,,
FL-B5-2,1,PICO,L,255,0,40,2.4,1.3,2,"due to density of trees in subplots 1,3,4 I was not able to measure all of the seedlings, there are at least 30 that I was not able to measure",,,,,
FL-B5-2,1,PICO,L,260,0,40,2.4,1.3,2,,,,,,
FL-B5-2,1,PICO,L,270,0,40,2.8,1.3,2,,,,,,
FL-B5-2,1,PICO,L,280,0,40,3.2,1.3,2,,,,,,
FL-B5-2,1,PICO,L,285,0,40,2.5,1.3,2,,,,,,
FL-B5-2,1,PICO,L,290,0,40,3.9,1.3,2,,,,,,
FL-B5-2,1,PICO,L,295,0,40,3.2,1.3,2,,,,,,
FL-B5-2,1,PICO,L,300,0,40,2.3,1.3,2,,,,,,
FL-B5-2,1,PICO,L,330,0,40,2.7,1.3,2,,,,,,
FL-B5-2,1,PICO,L,330,0,40,3,1.3,2,,,,,,
FL-B5-2,1,LAOC,L,380,0,40,3,>300,2,,,,,,
FL-B5-2,2,PICO,L,175,0,40,2,1.3,2,,,,,,
FL-B5-2,2,PICO,L,207,0,40,3,1.3,2,,,,,,
FL-B5-2,2,PICO,L,221,0,40,2.1,1.3,2,,,,,,
FL-B5-2,2,PICO,L,222,0,40,4,1.3,2,,,,,,
FL-B5-2,2,PICO,L,235,0,40,3,1.3,2,,,,,,
FL-B5-2,2,PICO,L,250,0,40,4,1.3,2,,,,,,
FL-B5-2,2,PICO,L,260,0,40,3,1.3,2,,,,,,
FL-B5-2,2,PICO,L,275,0,40,2.2,1.3,2,,,,,,
FL-B5-2,2,PICO,L,280,0,40,4,1.3,2,,,,,,
FL-B5-2,2,PICO,L,330,0,40,5,1.3,2,,,,,,
FL-B5-2,2,PICO,L,340,0,40,3.6,1.3,2,,,,,,
FL-B5-2,2,PICO,L,340,0,40,3.6,1.3,2,,,,,,
FL-B5-2,2,PICO,L,340,0,40,6,1.3,2,,,,,,
FL-B5-2,2,PICO,L,350,0,40,4,1.3,2,,,,,,
FL-B5-2,2,PICO,L,360,0,40,5,1.3,2,,,,,,
FL-B5-2,2,PICO,L,365,0,40,5,1.3,2,,,,,,
FL-B5-2,2,PICO,L,440,0,40,4.4,1.3,2,,,,,,
FL-B5-2,3,PICO,L,105,0,40,0.5,1.3,2,,,,,,
FL-B5-2,3,PIMO,L,126,0,40,2,>300,2,western white pine (Pinus monticola),,,,,
FL-B5-2,3,PICO,L,132,0,40,1,1.3,2,,,,,,
FL-B5-2,3,PICO,L,135,0,40,2,1.3,2,,,,,,
FL-B5-2,3,PICO,L,148,0,40,1,1.3,2,,,,,,
FL-B5-2,3,PICO,L,203,0,40,3,1.3,2,,,,,,
FL-B5-2,3,PICO,L,220,0,40,3,1.3,2,,,,,,
FL-B5-2,3,PICO,L,220,0,40,3,1.3,2,,,,,,
FL-B5-2,3,PICO,L,234,0,40,3,1.3,2,,,,,,
FL-B5-2,3,PICO,L,235,0,40,3,1.3,2,,,,,,
FL-B5-2,3,PICO,L,250,0,40,3,1.3,2,,,,,,
FL-B5-2,3,PICO,L,275,0,40,4,1.3,2,,,,,,
FL-B5-2,3,PICO,L,330,0,40,4,1.3,2,,,,,,
FL-B5-2,3,PICO,L,330,0,40,6,1.3,2,,,,,,
FL-B5-2,4,PSME,L,51,1,40,1,>300,2,,,,,,
FL-B5-2,4,PSME,L,58,0,40,1,>300,2,,,,,,
FL-B5-2,4,PICO,L,87,2,40,1,1.3,2,,,,,,
FL-B5-2,4,PICO,L,94,1,40,1,1.3,2,,,,,,
FL-B5-2,4,PICO,L,103,2,40,1.5,1.3,2,,,,,,
FL-B5-2,4,PICO,L,105,2,40,2,1.3,2,,,,,,
FL-B5-2,4,PICO,L,118,0,40,1,1.3,2,,,,,,
FL-B5-2,4,PICO,L,148,1,40,2,1.3,2,,,,,,
FL-B5-2,4,PICO,L,151,0,40,2,1.3,2,,,,,,
FL-B5-2,4,LAOC,L,156,0,40,1.5,>300,2,,,,,,
FL-B5-2,4,PICO,L,162,0,40,2,1.3,2,,,,,,
FL-B5-2,4,PICO,L,172,0,40,1,1.3,2,,,,,,
FL-B5-2,4,PICO,L,184,0,40,2.5,1.3,2,,,,,,
FL-B5-2,4,PICO,L,187,1,40,3,1.3,2,,,,,,
FL-B5-2,4,PICO,L,200,0,40,2.5,1.3,2,,,,,,
FL-B5-2,4,PICO,L,204,0,40,2,1.3,2,,,,,,
FL-B5-2,4,PICO,L,217,0,40,3,1.3,2,,,,,,
FL-B5-2,4,PICO,L,217,0,40,3,1.3,2,,,,,,
FL-B5-2,4,PICO,L,218,0,40,2,1.3,2,,,,,,
FL-B5-2,4,PICO,L,220,0,40,2,1.3,2,,,,,,
FL-B5-2,4,PICO,L,220,0,40,2,1.3,2,,,,,,
FL-B5-2,4,PICO,L,231,0,40,2.5,1.3,2,,,,,,
FL-B5-2,4,PICO,L,237,0,40,3,1.3,2,,,,,,
FL-B5-2,4,PICO,L,245,0,40,2,1.3,2,,,,,,
FL-B5-2,4,PICO,L,255,0,40,4,1.3,2,,,,,,
FL-B5-2,4,PICO,L,255,0,40,4,1.3,2,,,,,,
FL-B5-2,4,PICO,L,260,0,40,2,1.3,2,,,,,,
FL-B5-2,4,PICO,L,260,0,40,3,1.3,2,,,,,,
FL-B5-2,4,PICO,L,265,0,40,2,1.3,2,,,,,,
FL-B5-2,4,LAOC,L,270,0,40,3,>300,2,,,,,,
FL-B5-2,4,PICO,L,280,0,40,4,1.3,2,,,,,,
FL-B5-2,4,PICO,L,290,0,40,3,1.3,2,,,,,,
FL-B5-2,4,PICO,L,300,0,40,3,1.3,2,,,,,,
FL-B5-2,4,PICO,L,320,0,40,3,1.3,2,,,,,,
FL-B5-2,4,PICO,L,330,0,40,4,1.3,2,,,,,,
FL-B5-2,4,PICO,L,350,0,40,3,1.3,2,,,,,,
FL-B5-2,4,PICO,L,355,0,40,2.5,1.3,2,,,,,,
FL-B5-2,4,PICO,L,360,0,40,2.5,1.3,2,,,,,,
FL-B5-2,4,PICO,L,360,0,40,3,1.3,2,,,,,,
FL-B5-2,4,PICO,L,365,0,40,3,1.3,2,,,,,,
FL-B5-2,4,PICO,L,370,0,40,3,1.3,2,,,,,,
FL-B5-2,4,PICO,L,380,0,40,3,1.3,2,,,,,,
FL-B5-2,4,PICO,L,390,0,40,3,1.3,2,,,,,,
FL-B5-2,X,PICO,L,<50,0,40,NA,1.3,2,,,,,,
FL-B5-2,X,PICO,L,<50,0,40,NA,1.3,2,,,,,,
FL-B5-2,X,PICO,L,<50,0,40,NA,1.3,2,,,,,,
FL-B5-2,X,PSME,L,<50,0,40,NA,>300,2,,,,,,
FL-B5-2,X,PSME,L,<50,0,40,NA,>300,2,,,,,,
FL-B5-2,X,PSME,L,<50,0,40,NA,>300,2,,,,,,
FL-B5-2,X,PSME,L,<50,0,40,NA,>300,2,,,,,,
FL-B7-3,1,PIPO,L,232,1,200,3.9,>300,3,,,,,,
FL-B7-3,2,PIPO,L,177,0,200,1.7,>300,3,,,,,,
FL-B7-3,2,PIPO,L,196,0,200,2,>300,3,,,,,,
FL-B7-3,2,PIPO,L,239,0,200,3.5,>300,3,,,,,,
FL-B7-3,2,PIPO,L,245,0,200,4.7,>300,3,,,,,,
FL-B7-3,2,PIPO,L,300,0,200,6.8,>300,3,,,,,,
FL-B7-3,3,PIPO,L,116,0,200,1.3,>300,3,DBH @ 80,,,,,
FL-B7-3,3,PIPO,L,280,0,200,5.5,>300,3,,,,,,
FL-B7-3,4,PIPO,L,163,0,200,1.2,>300,3,,,,,,
FL-B7-3,4,PIPO,L,194,0,200,1.8,>300,3,,,,,,
FL-B7-3,4,PIPO,L,340,0,200,7,>300,3,,,,,,
WH-1-1,1,PIPO,L,65,0,400,0.9,77,1,,,,,,
WH-1-1,1,PIPO,L,250,0,400,3.4,77,1,,,,,,
WH-1-1,2,PIPO,L,50,0,400,1.4,77,1,,,,,,
WH-1-1,2,PIPO,L,65,0,400,0.6,77,1,,,,,,
WH-1-1,2,PSME,L,75,0,400,0.7,15.7,1,,,,,,
WH-1-1,2,PIPO,L,125,0,400,1.4,77,1,,,,,,
WH-1-1,2,PIPO,L,150,0,400,2,77,1,,,,,,
WH-1-1,2,PIPO,L,265,0,400,3.6,77,1,,,,,,
WH-1-1,2,JUOC,L,310,0,400,9.4,9.8,1,10-50cm tally: 4 pipo,,,,,
WH-1-1,2,PIPO,L,340,0,400,9,77,1,,,,,,
WH-1-1,2,PSME,L,350,0,400,4.1,15.7,1,,,,,,
WH-1-1,2,LAOC,L,460,0,400,5.4,>300,1,,,,,,
WH-1-1,2,LAOC,L,>600,0,400,8.9,>300,1,,,,,,
WH-1-1,2,PIPO,L,~500,0,400,9.4,77,1,,,,,,
WH-1-1,2,PIPO,L,~500,0,400,9.6,77,1,,,,,,
WH-1-1,3,JUOC,L,65,0,400,0.5,9.8,1,,,,,,
WH-1-1,3,PIPO,L,65,0,400,0.6,77,1,,,,,,
WH-1-1,3,PIPO,L,75,0,400,0.8,77,1,,,,,,
WH-1-1,3,PSME,L,~500,0,400,9.8,15.6,1,,,,,,
WH-1-1,4,LAOC,L,350,0,400,3.8,>300,1,couldn't see seed tree (>300),,,,,
WH-1-1,X,PIPO,L,<50,0,400,NA,77,1,,,,,,
WH-1-1,X,PIPO,L,<50,0,400,NA,77,1,,,,,,
WH-1-1,X,PIPO,L,<50,0,400,NA,77,1,,,,,,
WH-1-1,X,PIPO,L,<50,0,400,NA,77,1,,,,,,
WH-1-2,2,JUOC,L,250,0,400,4.1,>300,2,,,,,,
WH-1-2,3,JUOC,L,270,0,400,5.5,>300,2,,,,,,
WH-1-3,4,PIPO,L,175,0,200,3.9,169.3,3,,,,,,
WH-1-3,4,PIPO,L,195,0,200,3.2,169.3,3,,,,,,
WH-1-3,4,PIPO,L,205,0,200,4.6,169.3,3,,,,,,
WH-1-X,-,-,-,-,-,400,-,-,X,,,,,,
WH-2-1,4,PIPO,L,95,0,400,0.6,120.5,1,,,,,,
WH-2-1,4,PIPO,L,175,0,400,3,120.5,1,,,,,,
WH-2-2,1,JUOC,L,190,0,400,1.1,>300,2,,,,,,
WH-2-2,1,PIPO,L,210,0,400,1.8,59.5,2,,,,,,
WH-2-2,1,JUOC,L,212,0,400,2.3,>300,2,nearest seed tree: PSME: 14.5,,,,,
WH-2-2,1,PIPO,L,240,0,400,3.4,59.5,2,,,,,,
WH-2-2,1,LAOC,L,250,0,400,4.8,55,2,,,,,,
WH-2-2,1,LAOC,L,~600,0,400,6.5,55,2,,,,,,
WH-2-2,2,LAOC,L,215,0,400,1.3,55,2,,,,,,
WH-2-2,2,LAOC,L,220,0,400,1.3,55,2,,,,,,
WH-2-3,1,PIPO,L,240,0,200,1.8,8.5,3,,,,,,
WH-2-3,1,PIPO,L,380,0,200,5.4,8.5,3,,,,,,
WH-2-3,1,LAOC,L,>600,0,200,9.3,10.9,3,tall and skinny,,,,,
WH-2-3,2,LAOC,L,>600,0,200,9.2,10.9,3,,,,,,
WH-2-3,2,LAOC,L,~550,0,200,8.1,10.9,3,,,,,,
WH-2-3,2,LAOC,L,~550,0,200,9.2,10.9,3,,,,,,
WH-2-3,3,LAOC,L,~500,0,200,9,10.9,3,,,,,,
WH-2-X,3,PIPO,L,180,0,400,4,>300,X,nearest seed tree: PSME = 176.6,,,,,
WH-3-1,1,PIPO,L,160,0,400,1.9,170,1,,,,,,
WH-3-1,1,PIPO,L,175,0,400,2.9,170,1,,,,,,
WH-3-1,1,PIPO,L,380,0,400,7.6,170,1,,,,,,
WH-3-1,2,PIPO,L,110,0,400,1.2,170,1,,,,,,
WH-3-1,2,PIPO,L,240,0,400,4.7,170,1,,,,,,
WH-3-1,2,PIPO,L,280,0,400,5.6,170,1,,,,,,
WH-3-1,2,PIPO,L,310,0,400,5.9,170,1,,,,,,
WH-3-1,2,PIPO,L,390,0,400,7.1,170,1,,,,,,
WH-3-1,3,JUOC,L,110,0,400,2.1,>300,1,seed tree: PSME: 23.6,,,,,
WH-3-1,3,PIPO,L,140,0,400,2.4,170,1,,,,,,
WH-3-1,4,PIPO,L,380,0,400,6.9,170,1,,,,,,
WH-3-2,-,-,-,-,-,400,-,-,2,"nearest seed tree: PSME: 21.4, PIPO: 161.9",,,,,
WH-3-3,1,PIPO,L,305,0,200,6.5,10,3,,,,,,
WH-3-3,2,ABGR,L,80,0,200,0.8,>300,3,,,,,,
WH-3-3,4,PSME,D,100,NA,200,0.5,>300,3,,,,,,
WH-3-3,4,PSME,L,175,0,200,1.5,>300,3,,,,,,
WH-3-3,4,PSME,L,210,0,200,0.9,>300,3,,,,,,
WH-3-3,4,PSME,L,215,0,200,7.1,>300,3,,,,,,
WH-3-3,4,PSME,L,310,0,200,2.8,>300,3,,,,,,
WH-3-X,1,PIPO,L,150,0,400,1.9,259.6,X,,,,,,
WH-4-1,1,PIPO,L,250,0,200,4.1,5,1,,,,,,
WH-4-1,1,PIPO,L,480,0,200,7.6,5,1,,,,,,
WH-4-1,1,PIPO,L,~500,0,200,9.8,5,1,,,,,,
WH-4-1,2,PSME,L,60,0,200,0.6,16.6,1,,,,,,
WH-4-1,2,JUOC,L,145,0,200,2.6,>300,1,,,,,,
WH-4-1,2,PIPO,L,195,0,200,2,5,1,,,,,,
WH-4-1,2,JUOC,L,260,0,200,2.8,>300,1,,,,,,
WH-4-1,2,PIPO,L,480,0,200,9.6,5,1,,,,,,
WH-4-1,2,PSME,L,~500,0,200,7.1,16.6,1,,,,,,
WH-4-1,3,PIPO,L,280,0,200,5.1,5,1,,,,,,
WH-4-2,4,JUOC,L,75,0,400,1.1,>300,2,"10-50cm tally: 1 juoc; nearest seed tree: PSME = 53.9, PIPO = >300",,,,,
WH-4-2,X,JUOC,L,<50,0,400,NA,>300,2,,,,,,
WH-5-1,2,PIPO,L,230,0,400,2.5,53.6,1,,,,,,
WH-5-1,3,JUOC,L,75,0,400,0.6,>300,1,,,,,,
WH-5-1,3,PSME,L,~500,0,400,8.8,27.5,1,,,,,,
WH-5-1,4,PIPO,L,135,0,400,1.2,53.6,1,,,,,,
WH-5-1,4,PIPO,L,210,0,400,2.2,53.6,1,,,,,,
WH-5-1,4,PIPO,L,240,0,400,2.3,53.6,1,,,,,,
WH-5-1,4,PIPO,L,250,0,400,5.6,53.6,1,,,,,,
WH-5-2,1,LAOC,L,310,0,400,3.5,10.4,2,,,,,,
WH-5-2,1,PIPO,L,380,0,400,8.7,63.5,2,,,,,,
WH-5-2,1,LAOC,L,410,0,400,4.9,10.4,2,,,,,,
WH-5-2,1,LAOC,L,420,0,400,9.3,10.4,2,,,,,,
WH-5-2,1,LAOC,D,440,NA,400,6.2,10.4,2,,,,,,
WH-5-2,1,PSME,L,460,0,400,8.2,32.3,2,,,,,,
WH-5-2,2,JUOC,L,210,0,400,1.7,>300,2,,,,,,
WH-5-2,2,PIPO,L,240,0,400,3.1,63.5,2,,,,,,
WH-5-2,2,PIPO,L,260,0,400,3.8,63.5,2,,,,,,
WH-5-2,2,PIPO,L,440,0,400,9.6,63.5,2,,,,,,
WH-5-2,3,PSME,L,250,0,400,5.7,32.3,2,,,,,,
WH-5-2,4,PIPO,L,230,0,400,1.9,63.5,2,,,,,,
WH-5-2,4,PSME,L,250,0,400,4.3,32.3,2,,,,,,
WH-5-2,4,PIPO,L,260,0,400,4.7,63.5,2,,,,,,
WH-5-2,4,PIPO,L,430,0,400,8.1,63.5,2,,,,,,
WH-5-3,1,JUOC,L,95,0,400,1.7,>300,3,,,,,,
WH-5-3,1,PIPO,L,105,0,400,1.6,97.8,3,,,,,,
WH-5-3,1,PIPO,L,280,0,400,6.4,,3,,,,,,
WH-5-3,1,PIPO,L,380,0,400,9.4,97.8,3,,,,,,
WH-5-3,1,PIPO,L,390,0,400,9.4,97.8,3,,,,,,
WH-5-3,2,JUOC,L,90,0,400,1.2,>300,3,,,,,,
WH-5-3,2,JUOC,L,250,0,400,2.4,>300,3,,,,,,
WH-5-3,2,PSME,L,490,0,400,8.9,7.3,3,,,,,,
WH-5-3,3,PIPO,L,225,0,400,4.5,97.8,3,,,,,,
WH-5-3,3,PIPO,L,350,0,400,7.8,97.8,3,,,,,,
WH-5-3,4,JUOC,L,125,0,400,1.6,>300,3,,,,,,
WH-5-3,4,PIPO,L,260,0,400,6.1,97.8,3,,,,,,
WH-5-3,4,PIPO,L,260,0,400,6.3,97.8,3,,,,,,
WH-6-3,1,PIPO,L,385,0,200,9.1,24.9,3,,,,,,
WH-6-3,3,PSME,L,140,0,200,2.3,>300,3,,,,,,
WH-6-3,3,JUOC,L,150,0,200,1.9,>300,3,,,,,,
WH-6-3,4,JUOC,L,185,0,200,2.5,>300,3,,,,,,
WH-6-3,4,PIPO,L,380,0,200,8.5,24.9,3,,,,,,
WH-7-3,1,LAOC,L,470,0,200,3.9,7.5,3,,,,,,
WH-7-3,1,PSME,L,500,0,200,6.6,9.5,3,,,,,,
WH-7-3,1,PSME,L,550,0,200,8.1,9.5,3,,,,,,
WH-7-3,1,LAOC,L,>600,0,200,9.1,7.5,3,PIPO seed tree: 10.1,,,,,
WH-7-3,1,LAOC,L,~500,0,200,4.6,7.5,3,,,,,,
WH-7-3,2,LAOC,L,540,0,200,8.8,7.5,3,,,,,,
WH-7-3,2,LAOC,L,550,0,200,8.9,7.5,3,,,,,,