Plot,Direction,grass.pct,herb.pct,shrub.pct,max.shrub,seedling.pct,green.pct,npv.pct,npvchar.pct,ash.pct,rock.pct,rockchar.pct,soil.pct,soilchar.pct,dead.wood.pct,comments,cluster
EG-1-X,N,35,15,10,51,10,40,30,0,0,12.5,2.5,17.5,0,15,15% dead wood,X
EG-1-X,E,60,20,10,60,0,40,55,2.5,0,0,0,5,0,50,50% dead wood,X
EG-1-X,S,40,5,0,0,0,20,80,0,0,0,0,0,0,70,70% dead wood,X
EG-1-X,W,35,20,0,0,0,40,27.5,0,0,7.5,2.5,25,0,5,5% dead wood; more green + npv than grass and herb (maybe more soil than measured or more grass? Tough to tell w/ photo),X
EG-2-X,N,45,17.5,15,63,0,40,30,0,0,7.5,0,22.5,0,10,10% dead wood,X
EG-2-X,E,15,20,95,92,0,50,45,0,0,0,0,5,0,0,,X
EG-2-X,S,45,20,65,48,0,60,32.5,2.5,0,7.5,0,0,0,20,20% dead wood,X
EG-2-X,W,35,50,95,99,2.5,75,25,0,0,0,0,0,0,5,5% dead wood,X
EG-3-X,N,25,30,60,63,2.5,57.5,30,2.5,0,0,0,12.5,0,0,,X
EG-3-X,E,5,10,35,75,15,35,60,20,0,0,0,5,0,55,55% dead wood,X
EG-3-X,S,10,15,20,66,2.5,32.5,65,15,0,0,0,2.5,0,60,60% dead wood,X
EG-3-X,W,5,40,15,53,0,40,45,25,0,0,0,15,0,40,40% dead wood,X
FL-1-X,N,25,50,0,0,55,75,20,0,0,0,0,5,0,20,20% dead wood,X
FL-1-X,E,35,25,0,0,85,85,15,0,0,0,0,0,0,15,15% dead wood,X
FL-1-X,S,10,15,0,0,0,20,10,5,0,5,0,65,0,10,10% dead wood,X
FL-1-X,W,35,35,0,0,15,60,5,5,0,5,0,30,0,0,,X
EG-9-3,N,25,5,65,70,5,40,35,0,0,5,0,20,0,0,,3
EG-9-3,E,10,5,80,75,0,60,15,0,0,5,0,20,0,0,,3
EG-9-3,S,45,10,45,83,0,30,35,0,0,15,0,20,0,0,,3
EG-9-3,W,15,15,75,85,0,40,45,0,0,0,0,15,0,0,,3
EG-6-3,N,55,10,80,100,0,60,35,5,0,0,0,5,0,0,,3
EG-6-3,E,25,10,45,73,0,30,45,0,0,0,0,25,0,0,,3
EG-6-3,S,55,15,80,90,0,30,55,0,0,5,0,10,0,0,,3
EG-6-3,W,35,10,55,85,0,25,60,0,0,5,0,10,0,0,,3
EG-3-3,N,15,10,95,129,0,50,40,0,0,5,0,5,0,0,,3
EG-3-3,E,40,65,60,114,0,70,25,0,0,0,0,5,0,0,,3
EG-3-3,S,65,30,30,71,0,30,50,0,0,5,0,15,0,40,40% dead wood,3
EG-3-3,W,20,10,70,113,0,25,45,0,0,5,0,25,0,0,,3
EG-4-3,N,15,15,45,70,0,30,70,5,0,0,0,0,0,55,55% dead wood,3
EG-4-3,E,50,10,95,132,0,70,30,0,0,0,0,0,0,5,5% dead wood,3
EG-4-3,S,65,5,90,100,0,30,65,2.5,0,0,0,5,0,20,20% dead wood,3
EG-4-3,W,65,5,35,73,5,25,75,5,0,0,0,0,0,25,25% dead wood,3
EG-2-3,N,30,40,70,86,0,25,55,0,0,15,0,5,0,15,15% dead standing tree,3
EG-2-3,E,20,30,70,39,0,40,50,5,0,5,0,5,0,20,20% dead wood,3
EG-2-3,S,10,45,55,75,0,25,50,0,0,20,0,5,0,0,,3
EG-2-3,W,15,35,70,80,0,25,55,0,0,10,0,10,0,5,5% dead wood,3
EG-7-3,N,25,25,45,71,2.5,25,50,0,0,5,0,20,0,10,10% dead wood,3
EG-7-3,E,10,10,70,87,0,10,75,10,0,0,0,15,0,55,55% dead wood,3
EG-7-3,S,5,5,75,85,0,20,60,0,0,20,0,0,0,10,10% dead wood,3
EG-7-3,W,15,15,65,100,0,40,50,2.5,0,0,0,10,0,10,10% dead wood,3
EG-8-3,N,95,15,65,135,0,30,70,0,0,0,0,0,0,10,10% dead wood,3
EG-8-3,E,75,30,60,124,0,35,60,0,0,0,0,5,0,5,5% dead wood,3
EG-8-3,S,80,25,45,113,0,47.5,52.5,0,0,0,0,0,0,20,20% dead wood,3
EG-8-3,W,85,5,60,131,0,40,55,5,0,0,0,5,0,20,20% dead wood,3
CA-2-3,N,15,5,90,127,0,30,70,0,0,0,0,0,0,15,15% dead wood,3
CA-2-3,E,20,30,70,125,0,50,30,0,0,0,0,20,0,7.5,7.5% dead wood,3
CA-2-3,S,20,15,80,103,0,80,20,0,0,0,0,0,0,7.5,7.5% dead wood,3
CA-2-3,W,35,35,75,126,0,60,40,5,0,0,0,0,0,20,20% dead wood,3
CA-B3-3,N,90,15,75,119,0,70,30,5,0,0,0,0,0,20,20% dead wood,3
CA-B3-3,E,65,10,35,85,0,55,15,0,0,20,0,10,0,5,5% dead wood,3
CA-B3-3,S,90,10,70,105,0,80,15,0,0,0,0,5,0,2.5,2.5% dead wood,3
CA-B3-3,W,90,15,85,135,0,80,20,2.5,0,0,0,0,0,5,5% dead wood,3
CA-B5-3,N,85,15,75,144,0,65,35,5,0,0,0,0,0,20,20% dead wood,3
CA-B5-3,E,90,15,65,119,0,65,35,10,0,0,0,0,0,10,10% dead wood,3
CA-B5-3,S,70,10,95,141,0,55,45,0,0,0,0,0,0,0,,3
CA-B5-3,W,95,10,80,137,0,60,40,2.5,0,0,0,0,0,5,5% dead wood,3
FL-B7-3,N,55,5,40,94,60,80,20,5,0,0,0,0,0,7.5,7.5% dead wood,3
FL-B7-3,E,40,25,75,101,12.5,45,55,2.5,0,0,0,0,0,12.5,12.5% dead wood,3
FL-B7-3,S,20,2.5,60,103,15,55,32.5,25,0,0,0,12.5,0,7.5,7.5% dead wood,3
FL-B7-3,W,65,10,55,93,45,42.5,50,20,0,0,0,7.5,0,30,30% dead wood,3
EG-4-2,N,30,10,20,27,15,45,25,0,0,0,0,30,0,10,did not measure dead wood; estimated from photos,2
EG-4-2,E,45,5,20,70,30,35,40,5,0,5,0,20,0,15,did not measure dead wood; estimated from photos,2
EG-4-2,S,45,5,30,28,0,30,25,5,0,10,0,35,0,5,did not measure dead wood; estimated from photos,2
EG-4-2,W,55,10,10,42,5,20,70,5,0,0,0,10,0,25,did not measure dead wood; estimated from photos,2
EG-3-2,N,20,30,35,66,0,30,50,0,0,5,0,15,0,0,,2
EG-3-2,E,25,15,15,40,0,35,20,5,5,5,0,35,0,0,,2
EG-3-2,S,30,10,10,75,0,10,70,0,0,10,0,10,5,55,55% dead wood,2
EG-3-2,W,50,20,35,82,5,35,42.5,10,0,12.5,0,10,0,0,,2
EG-B3-2,N,50,5,0,0,0,20,60,10,0,0,0,20,0,50,50% dead wood,2
EG-B3-2,E,55,5,0,0,0,25,35,0,0,5,0,35,0,0,,2
EG-B3-2,S,55,2.5,15,51,0,20,40,0,0,5,0,35,0,0,,2
EG-B3-2,W,45,15,25,-,0,30,40,5,0,5,0,25,0,0,forgot to take shrub height,2
EG-10-2,N,70,10,5,50,0,40,45,0,0,0,0,15,0,0,,2
EG-10-2,E,30,5,5,35,0,10,80,10,0,5,0,5,0,60,fallen tree (60% dead wood),2
EG-10-2,S,60,10,25,47,0,30,25,0,0,20,0,25,0,0,,2
EG-10-2,W,55,15,10,56,0,30,35,0,0,5,0,30,0,0,,2
EG-8-2,N,70,5,0,0,15,30,55,0,0,0,0,15,0,0,,2
EG-8-2,E,40,20,0,0,10,35,20,0,0,5,0,40,0,0,,2
EG-8-2,S,25,10,15,43,0,20,20,0,0,15,0,45,0,0,,2
EG-8-2,W,60,15,5,60,0,25,65,0,0,5,0,5,0,20,20% fallen dead wood,2
EG-12-2,N,65,10,10,61,0,45,30,5,0,0,0,25,0,0,,2
EG-12-2,E,40,10,0,0,0,20,55,5,0,0,0,25,0,30,30% dead wood,2
EG-12-2,S,35,20,25,54,0,40,30,0,0,0,0,30,0,0,,2
EG-12-2,W,15,5,70,102,5,25,65,5,0,0,0,10,0,0,,2
EG-B7-2,N,30,5,20,54,20,45,50,5,0,0,0,5,0,30,30% dead wood,2
EG-B7-2,E,50,20,30,120,5,50,25,5,0,0,0,25,0,0,,2
EG-B7-2,S,55,10,5,81,0,15,85,10,0,0,0,0,0,70,70% dead wood,2
EG-B7-2,W,25,10,10,25,0,25,25,5,0,0,0,50,0,0,,2
EG-9-2,N,45,20,10,44,0,55,15,0,0,5,0,25,0,0,,2
EG-9-2,E,45,15,45,72,15,45,25,0,0,5,0,25,0,0,,2
EG-9-2,S,25,35,5,39,0,30,30,0,0,5,0,35,0,25,25% dead wood,2
EG-9-2,W,15,60,2.5,21,0,67.5,17.5,0,0,0,0,15,0,15,15% dead wood,2
CA-1-2,N,55,40,2.5,37,10,60,30,0,0,0,0,10,0,25,25% dead wood,2
CA-1-2,E,40,50,0,0,0,55,25,5,0,0,0,20,0,20,20% dead wood,2
CA-1-2,S,30,40,0,0,0,55,7.5,0,0,5,0,32.5,0,5,5% dead wood,2
CA-1-2,W,35,55,5,75,0,50,40,2.5,0,0,0,10,0,25,25% dead wood,2
CA-3-2,N,10,15,30,29,35,65,10,2.5,0,0,0,25,0,7.5,7.5% dead wood,2
CA-3-2,E,45,50,0,0,0,60,30,5,0,2.5,0,7.5,0,25,25% dead wood; 35% cover by young pico!,2
CA-3-2,S,20,40,7.5,56,5,70,10,2.5,0,0,0,20,0,5,5% dead wood,2
CA-3-2,W,15,55,7.5,48,30,55,25,10,0,2.5,0,17.5,0,15,15% dead wood,2
CA-2-2,N,30,15,75,123,35,85,7.5,0,0,0,0,7.5,0,0,,2
CA-2-2,E,25,35,2.5,68,0,50,7.5,0,0,7.5,0,35,0,5,5% dead wood,2
CA-2-2,S,30,20,50,107,10,65,25,0,0,5,0,5,0,15,15% dead wood,2
CA-2-2,W,30,60,35,151,5,70,17.5,2.5,0,2.5,0,10,0,10,10% dead wood,2
CA-4-2,N,30,12.5,20,33,2.5,40,15,2.5,0,5,0,40,0,10,10% dead wood,2
CA-4-2,E,45,40,15,42,0,45,40,10,0,2.5,0,12.5,0,40,40% dead wood,2
CA-4-2,S,15,20,60,110,20,65,25,12.5,0,5,0,5,0,15,15% dead wood,2
CA-4-2,W,35,25,30,48,0,60,5,0,0,5,0,30,0,0,5% dead wood,2
EG-6-2,N,30,12.5,45,65,5,50,22.5,0,0,2.5,0,25,0,5,5% dead wood,2
EG-6-2,E,45,10,25,92,0,25,35,0,0,10,0,30,0,0,,2
EG-6-2,S,40,5,12.5,46,0,20,30,0,0,5,0,45,0,2.5,2.5% dead wood,2
EG-6-2,W,55,20,50,99,0,60,30,2.5,0,2.5,0,7.5,0,15,15% dead wood,2
EG-11-2,N,30,15,7.5,40,0,45,12.5,2.5,0,2.5,0,40,0,10,10% dead wood,2
EG-11-2,E,30,10,0,0,0,35,5,0,0,2.5,0,57.5,0,2.5,2.5% dead wood,2
EG-11-2,S,25,15,5,63,0,35,30,5,0,5,0,30,0,20,20% dead wood,2
EG-11-2,W,20,20,40,*,0,45,35,0,0,2.5,0,17.5,0,2.5,2.5% dead wood,2
EG-5-2,N,25,30,20,65,0,50,25,5,0,10,0,15,0,20,20% dead wood,2
EG-5-2,E,20,10,35,69,0,40,15,2.5,0,20,0,25,0,5,5% dead wood,2
EG-5-2,S,20,20,25,73,0,30,35,15,0,20,0,15,0,22.5,22.5% dead wood,2
EG-5-2,W,40,25,45,60,0,60,25,2.5,0,5,0,10,0,10,10% dead wood,2
EG-1-2,N,12.5,25,10,59,50,65,15,5,0,15,0,5,0,10,10% dead wood,2
EG-1-2,E,10,30,75,78,0,60,27.5,0,0,5,0,7.5,0,5,5% dead wood,2
EG-1-2,S,12.5,25,60,79,0,55,25,2.5,0,10,0,10,0,15,15% dead wood,2
EG-1-2,W,20,20,15,70,25,47.5,40,10,0,10,0,2.5,0,35,35% dead wood,2
FL-B5-2,N,75,15,25,69,60,75,20,0,0,0,0,5,0,2.5,2.5% dead wood,2
FL-B5-2,E,15,40,40,26,85,85,10,0,0,0,0,5,0,5,5% dead wood,2
FL-B5-2,S,7.5,45,25,144,90,95,5,0,0,0,0,0,0,5,5% dead wood,2
FL-B5-2,W,95,5,20,20,2.5,75,25,0,0,0,0,0,0,25,25% dead wood,2
FL-9-2,N,80,5,5,86,40,90,5,0,0,0,0,5,0,5,5% dead wood,2
FL-9-2,E,65,20,40,92,25,80,15,2.5,0,0,0,5,0,5,5% dead wood,2
FL-9-2,S,65,10,2.5,70,7.5,55,45,20,0,0,0,0,0,40,40% dead wood,2
FL-9-2,W,40,10,0,0,0,45,55,25,0,0,0,0,0,55,55% dead wood,2
FL-4-2,N,65,20,0,0,0,50,35,15,0,0,0,15,0,35,35% dead wood,2
FL-4-2,E,20,25,22.5,51,0,35,30,10,0,5,0,30,0,25,25% dead wood,2
FL-4-2,S,45,15,5,55,0,35,50,30,0,2.5,0,12.5,0,50,50% dead wood,2
FL-4-2,W,60,35,0,0,0,60,10,0,0,2.5,0,27.5,0,5,5% dead wood,2
FL-5-2,N,20,30,0,0,5,40,25,2.5,0,5,0,30,0,20,20% dead wood,2
FL-5-2,E,10,7.5,2.5,66,0,22.5,17.5,2.5,0,5,0,55,0,15,portion of green % is young tree,2
FL-5-2,S,15,25,5,47,30,65,10,0,0,0,0,25,0,7.5,7.5% dead wood,2
FL-5-2,W,7.5,20,7.5,33,0,47.5,7.5,0,0,0,0,45,0,2.5,portion of green % is young tree,2
FL-6-2,N,55,30,80,154,30,90,10,0,0,0,0,0,0,0,,2
FL-6-2,E,10,15,90,170,5,85,10,0,0,0,0,5,0,0,,2
FL-6-2,S,40,10,75,108,40,90,5,0,0,0,0,5,0,0,,2
FL-6-2,W,25,35,45,157,70,90,10,0,0,0,0,0,0,2.5,2.5% dead wood,2
EG-11-1,N,5,20,85,98,0,15,85,0,0,0,0,0,0,0,,1
EG-11-1,E,5,5,85,127,7.5,45,45,0,0,0,0,10,0,0,,1
EG-11-1,S,20,5,30,97,0,17.5,12.5,0,0,10,0,60,0,0,,1
EG-11-1,W,5,10,90,106,0,10,85,0,0,0,0,5,0,0,,1
EG-B9-1,N,15,5,30,57,0,20,10,0,0,35,0,35,0,0,70% rocky soil (50/50),1
EG-B9-1,E,15,5,65,63,0,45,30,0,0,15,0,10,0,0,25% rocky soil (more rocky),1
EG-B9-1,S,10,5,5,40,0,10,25,0,0,30,0,35,0,20,65% rocky soil (more soily); 20% dead wood,1
EG-B9-1,W,5,5,25,58,0,20,10,0,0,35,0,35,0,5,70% rocky soil (50/50); 5% dead wood,1
EG-7-1,N,65,15,55,87,0,20,70,10,0,5,0,5,0,40,40% dead wood,1
EG-7-1,E,50,15,50,84,0,50,30,0,0,15,0,5,0,5,5% dead wood,1
EG-7-1,S,45,45,20,94,0,40,35,0,0,10,0,15,0,0,,1
EG-7-1,W,85,35,50,128,0,35,55,0,0,7.5,0,2.5,0,5,5% dead wood,1
EG-8-1,N,65,30,5,30,0,20,60,0,0,15,0,5,0,55,55% dead wood,1
EG-8-1,E,60,35,0,0,0,35,45,0,0,10,0,10,0,20,20% dead wood,1
EG-8-1,S,55,20,45,87,0,30,40,5,0,15,0,15,0,10,10% dead wood,1
EG-8-1,W,40,15,20,53,0,45,35,0,0,12.5,0,7.5,0,30,30% dead wood,1
EG-5-1,N,90,10,0,0,0,25,75,5,0,0,0,0,0,35,35% dead wood,1
EG-5-1,E,70,0,80,108,0,55,45,0,0,0,0,0,0,0,,1
EG-5-1,S,55,5,80,139,0,45,55,5,0,0,0,0,0,10,10% dead wood,1
EG-5-1,W,75,10,90,106,0,40,60,0,0,0,0,0,0,10,10% dead wood,1
EG-B1-1,N,5,15,65,78,0,42.5,45,5,0,0,0,12.5,0,15,15% dead wood,1
EG-B1-1,E,35,5,85,111,5,50,45,0,0,0,0,5,0,0,,1
EG-B1-1,S,25,5,45,77,0,25,55,10,0,0,0,20,0,40,40% dead wood,1
EG-B1-1,W,20,10,75,83,0,45,45,0,0,0,0,10,0,0,,1
CA-4-1,N,5,20,70,163,15,75,5,0,0,17.5,0,2.5,0,0,,1
CA-4-1,E,45,25,90,152,0,90,10,0,0,0,0,0,0,5,5% dead wood,1
CA-4-1,S,55,30,30,87,0,40,35,2.5,0,22.5,0,2.5,0,7.5,7.5% dead wood,1
CA-4-1,W,10,55,90,141,0,85,15,0,0,0,0,0,0,5,5% dead wood,1
CA-1-1,N,20,10,30,101,0,30,65,0,0,0,0,5,0,55,55% dead wood,1
CA-1-1,E,55,20,0,0,0,55,40,7.5,0,0,0,5,0,40,40% dead wood,1
CA-1-1,S,7.5,30,5,56,0,27.5,55,5,0,5,0,12.5,0,50,50% dead wood,1
CA-1-1,W,40,10,65,133,0,75,20,0,0,0,0,5,0,10,10% dead wood,1
EG-B8-1,N,30,10,60,118,0,65,25,2.5,0,10,0,0,0,15,15% dead wood,1
EG-B8-1,E,30,5,80,126,0,75,15,2.5,0,5,0,5,0,7.5,7.5% dead wood,1
EG-B8-1,S,10,10,65,137,0,65,10,0,0,15,0,10,0,5,5% dead wood,1
EG-B8-1,W,45,5,95,211,0,85,10,0,0,2.5,0,2.5,0,0,,1
EG-12-1,N,0,5,95,197,0,80,20,0,0,0,0,0,0,2.5,2.5% dead wood,1
EG-12-1,E,25,20,45,81,0,65,15,0,0,15,0,5,0,2.5,2.5% dead wood,1
EG-12-1,S,15,45,80,160,0,75,20,0,0,5,0,0,0,0,,1
EG-12-1,W,10,15,90,159,0,75,20,0,0,2.5,0,2.5,0,0,,1
EG-4-1,N,15,10,85,127,2.5,50,50,2.5,0,0,0,0,0,5,5% dead wood,1
EG-4-1,E,60,10,70,104,0,45,45,15,0,10,0,0,0,30,30% dead wood,1
EG-4-1,S,30,20,22.5,83,0,37.5,30,2.5,0,30,0,2.5,0,10,10% dead wood,1
EG-4-1,W,45,15,50,91,0,40,45,2.5,0,10,0,5,0,7.5,7.5% dead wood,1
EG-1-1,N,15,5,80,122,0,65,30,0,0,0,0,5,0,10,10% dead wood,1
EG-1-1,E,10,5,85,110,5,75,22.5,0,0,0,0,2.5,0,2.5,2.5% dead wood,1
EG-1-1,S,15,7.5,95,97,0,60,40,0,0,0,0,0,0,5,5% dead wood,1
EG-1-1,W,10,2.5,95,116,0,80,20,0,0,0,0,0,0,0,,1
FL-5-1,N,65,20,60,113,0,55,40,0,0,0,0,5,0,12.5,12.5% dead wood,1
FL-5-1,E,30,25,85,113,0,50,50,0,0,0,0,0,0,7.5,7.5% dead wood,1
FL-5-1,S,25,25,50,98,0,40,57.5,20,0,0,0,2.5,0,30,30% dead wood,1
FL-5-1,W,25,40,80,123,0,50,45,0,0,0,0,5,0,0,,1
FL-7-1,N,30,40,60,133,0,65,10,0,0,0,0,25,0,0,,1
FL-7-1,E,90,5,85,125,0,70,30,0,0,0,0,0,0,2.5,2.5% dead wood,1
FL-7-1,S,80,15,80,166,0,55,45,0,0,0,0,0,0,0,,1
FL-7-1,W,80,50,20,84,5,5,85,5,0,0,0,10,0,0,close to creekbed,1
FL-10-1,N,65,50,80,106,5,70,25,0,0,2.5,0,2.5,0,0,,1
FL-10-1,E,80,25,95,121,25,70,30,0,0,0,0,0,0,0,,1
FL-10-1,S,95,35,75,87,35,85,15,0,0,0,0,0,0,0,,1
FL-10-1,W,85,25,55,95,0,75,20,0,0,0,0,5,0,5,5% dead wood,1
EA-4-3,N,30,25,80,87,0,45,50,0,0,2.5,0,2.5,0,2.5,2.5% dead wood,3
EA-4-3,E,25,0,90,122,0,60,40,2.5,0,0,0,0,0,5,5% dead wood,3
EA-4-3,S,10,0,80,140,0,47.5,50,5,0,0,0,2.5,0,10,10% dead wood,3
EA-4-3,W,5,2.5,85,88,20,70,30,0,0,0,0,0,0,5,5% dead wood,3
EA-5-2,N,0,7.5,50,56,45,60,37.5,12.5,0,0,0,2.5,0,30,all herbs = all moss; 30% dead wood,2
EA-5-2,E,0,30,40,135,30,65,25,5,0,0,0,10,0,20,all herbs = all moss; 20% dead wood,2
EA-5-2,S,0,55,10,20,15,45,30,10,0,0,0,25,0,20,all herbs = all moss; 20% dead wood,2
EA-5-2,W,0,70,25,77,65,85,10,0,0,0,0,5,0,0,all herbs = all moss,2
EA-5-1,N,25,15,45,191,40,50,35,2.5,0,2.5,0,12.5,0,15,,1
EA-5-1,E,0,10,25,34,75,70,25,2.5,0,0,0,5,0,15,,1
EA-5-1,S,0,30,30,205,35,45,50,15,0,0,0,5,0,40,herbs = mostly moss (25%),1
EA-5-1,W,0,5,80,153,35,80,20,0,0,0,0,0,0,0,,1
EA-2-3,N,0,2.5,95,153,0,55,45,0,0,0,0,0,0,0,,3
EA-2-3,E,30,5,65,100,40,65,30,0,0,2.5,0,2.5,0,7.5,,3
EA-2-3,S,5,0,90,84,0,65,35,5,0,0,0,0,0,15,,3
EA-2-3,W,20,5,95,320,2.5,85,15,0,0,0,0,0,0,0,shrub height is estimate,3
EA-1-2,N,45,10,5,19,25,65,20,5,0,0,0,15,0,10,,2
EA-1-2,E,60,10,30,24,15,90,10,2.5,0,0,0,0,0,5,young pico tree in subplot,2
EA-1-2,S,65,12.5,25,23,0,85,15,2.5,0,0,0,0,0,5,young pico tree in subplot,2
EA-1-2,W,85,5,20,21,0,80,17.5,0,0,0,0,2.5,0,0,young laoc tree in subplot,2
EA-3-2,N,2.5,10,70,135,0,55,45,0,0,0,0,0,0,40,,2
EA-3-2,E,5,10,35,36,25,90,5,2.5,0,0,0,5,0,5,young trees providing significant portion of % green,2
EA-3-2,S,10,15,32.5,55,25,67.5,30,10,0,0,0,2.5,0,25,,2
EA-3-2,W,7.5,15,50,52,65,85,15,2.5,0,0,0,0,0,15,,2
EA-B3-2,N,0,40,40,96,12.5,65,22.5,0,0,0,0,12.5,0,0,herbs = almost all moss,2
EA-B3-2,E,0,35,40,57,25,80,10,0,0,0,0,10,0,5,herbs = almost all moss,2
EA-B3-2,S,30,7.5,50,137,35,60,25,5,0,0,0,15,0,20,,2
EA-B3-2,W,15,60,30,34,20,50,45,5,0,0,0,5,0,25,seedling = dead pico,2
EA-1-1,N,10,25,35,30,50,90,10,0,0,0,0,0,0,5,herbs = almost all moss,1
EA-1-1,E,0,20,10,41,90,95,5,0,0,0,0,0,0,5,herbs = almost all moss,1
EA-1-1,S,0,25,10,185,75,95,5,0,0,0,0,0,0,2.5,herbs = almost all moss,1
EA-1-1,W,2.5,60,25,43,55,80,10,2.5,0,5,0,5,0,7.5,herbs = almost all moss,1
EA-3-3,N,30,5,85,95,0,50,40,0,0,2.5,0,7.5,0,0,yellowing pico = 30% green % - is this NPV?,3
EA-3-3,E,10,5,100,143,0,65,35,0,0,0,0,0,0,0,,3
EA-3-3,S,35,2.5,90,161,30,55,45,0,0,0,0,0,0,0,,3
EA-3-3,W,2.5,0,100,194,40,60,40,0,0,0,0,0,0,0,,3
EA-5-3,N,50,15,90,~350,65,80,20,0,0,0,0,0,0,0,,3
EA-5-3,E,5,7.5,95,~360,40,65,35,0,0,0,0,0,0,0,,3
EA-5-3,S,35,30,95,235,40,75,25,0,0,0,0,0,0,0,,3
EA-5-3,W,2.5,5,85,186,30,70,30,0,0,0,0,0,0,15,,3
WH-3-3,N,0,15,70,131,0,55,32.5,2.5,0,10,0,2.5,0,17.5,herb almost all moss,3
WH-3-3,E,5,15,55,195,0,55,10,0,0,35,0,0,0,5,herb almost all moss,3
WH-3-3,S,7.5,5,50,114,0,60,10,0,0,25,0,5,0,7.5,herb almost all moss,3
WH-3-3,W,0,20,80,217,5,85,12.5,0,0,2.5,0,0,0,0,,3
WH-2-1,N,5,20,75,130,0,65,15,0,0,5,0,15,0,0,,1
WH-2-1,E,0,5,100,124,0,90,10,0,0,0,0,0,0,0,,1
WH-2-1,S,0,5,50,91,0,40,20,5,0,40,5,0,0,7.5,,1
WH-2-1,W,5,20,0,0,0,10,30,10,0,50,5,10,0,20,,1
WH-6-3,N,25,30,70,117,0,80,17.5,0,0,0,0,2.5,0,5,,3
WH-6-3,E,75,5,75,113,0,80,20,0,0,0,0,0,0,0,,3
WH-6-3,S,5,7.5,35,83,0,40,55,20,0,5,0,0,0,45,,3
WH-6-3,W,15,0,95,145,0,90,10,0,0,0,0,0,0,0,,3
WH-2-3,N,10,15,65,177,0,90,10,0,0,0,0,0,0,0,significant portion of %green is young trees,
WH-2-3,E,5,5,100,161,0,95,5,0,0,0,0,0,0,0,,
WH-2-3,S,10,15,85,172,0,90,10,0,0,0,0,0,0,0,10% young larch,
WH-2-3,W,45,25,90,163,10,95,5,0,0,0,0,0,0,0,,
WH-1-1,N,30,5,60,126,0,80,20,2.5,0,0,0,0,0,5,,
WH-1-1,E,2.5,10,65,117,5,90,7.5,2.5,0,0,0,2.5,0,5,pipo and juoc seedling,
WH-1-1,S,5,5,60,120,5,85,10,0,0,0,0,5,0,0,significant portion of %green is young trees,
WH-1-1,W,35,20,35,92,5,85,10,0,0,0,0,5,0,0,significant portion of %green is young trees,
WH-1-2,N,90,15,60,67,0,95,5,0,0,0,0,0,0,0,,
WH-1-2,E,100,5,30,51,0,60,40,0,0,0,0,0,0,0,,
WH-1-2,S,90,5,10,34,0,50,47.5,2.5,0,0,0,2.5,0,7.5,,
WH-1-2,W,75,10,10,54,0,45,55,0,0,0,0,0,0,25,,
WH-2-2,N,55,12.5,0,0,0,35,60,0,0,0,0,5,0,7.5,20% npv = pine needles,
WH-2-2,E,60,10,0,0,0,40,50,0,0,0,0,10,0,0,25% npv = pine needles,
WH-2-2,S,20,2.5,35,37,0,15,37.5,0,0,2.5,0,45,0,5,,
WH-2-2,W,90,0,10,61,0,55,45,0,0,0,0,0,0,0,,
WH-3-1,N,20,10,30,69,45,65,27.5,0,0,5,0,2.5,0,0,,
WH-3-1,E,30,0,85,105,0,80,10,0,0,5,0,5,0,0,,
WH-3-1,S,45,2.5,30,126,0,40,47.5,0,0,7.5,0,5,0,15,,
WH-3-1,W,20,0,75,100,0,65,30,0,0,0,0,5,0,10,,
WH-3-2,N,35,2.5,90,117,0,75,25,0,0,0,0,0,0,0,,
WH-3-2,E,40,15,70,95,0,75,25,2.5,0,0,0,0,0,5,,
WH-3-2,S,35,5,95,109,0,90,10,0,0,0,0,0,0,0,,
WH-3-2,W,10,2.5,90,118,0,90,10,2.5,0,0,5,0,0,5,,
WH-5-2,N,100,5,0,0,0,55,45,0,0,0,0,0,0,2.5,,
WH-5-2,E,70,5,5,81,0,40,60,0,0,0,0,0,0,30,,
WH-5-2,S,80,2.5,0,0,5,37.5,60,5,0,0,0,2.5,0,10,seedling = dead sapling,
WH-5-2,W,65,5,45,74,0,85,15,0,0,0,0,0,0,5,2 young psme in site,
WH-7-3,N,55,20,60,138,35,90,10,0,0,0,0,0,0,0,,
WH-7-3,E,15,10,50,126,0,57.5,35,0,0,0,0,7.5,0,0,young laoc tree in subplot,
WH-7-3,S,35,5,60,108,45,50,50,0,0,0,0,0,0,0,shrub = almost all dead,
WH-7-3,W,40,5,0,0,0,40,55,0,0,0,0,5,0,10,40% pipo needles covering ground; young pipo in site,
WH-5-3,N,30,2.5,80,76,20,65,30,0,0,0,0,5,0,0,,
WH-5-3,E,25,0,70,77,30,60,25,0,0,0,0,15,0,0,,
WH-5-3,S,15,2.5,70,77,0,50,40,0,0,0,0,10,0,0,,
WH-5-3,W,40,10,50,73,0,40,35,0,0,5,0,20,0,0,,
WH-5-1,N,20,5,90,325,0,80,10,0,0,0,0,10,0,0,,
WH-5-1,E,0,2.5,100,150,0,95,5,0,0,0,0,0,0,0,,
WH-5-1,S,0,2.5,95,123,0,90,10,0,0,0,0,0,0,5,,
WH-5-1,W,15,0,90,111,0,50,47.5,0,0,0,0,2.5,0,5,shrub = 40% dead shrub,
WH-1-3,N,30,0,75,177,0,60,25,0,0,15,0,0,0,5,,
WH-1-3,E,35,5,85,215,0,80,15,0,0,2.5,0,2.5,0,0,,
WH-1-3,S,20,5,80,213,0,70,20,2.5,0,10,0,0,0,2.5,,
WH-1-3,W,5,15,80,190,0,70,15,0,0,15,0,0,0,0,,
WH-4-1,N,70,0,85,94,0,50,50,0,0,0,0,0,0,0,,
WH-4-1,E,15,5,50,72,0,27.5,70,2.5,0,0,0,2.5,0,5,npv = 40% pipo needles,
WH-4-1,S,60,2.5,75,76,0,60,35,0,0,0,0,5,0,0,,
WH-4-1,W,65,0,55,80,20,75,25,0,0,0,0,0,0,0,shrub = almost all dead,
WH-1-X,N,70,10,0,0,0,25,75,7.5,0,0,0,0,0,30,,
WH-1-X,E,100,5,0,0,0,35,65,0,0,0,0,0,0,0,,
WH-1-X,S,95,10,0,0,0,30,70,0,0,0,0,0,0,0,,
WH-1-X,W,100,5,0,0,0,20,80,0,0,0,0,0,0,2.5,,
WH-2-X,N,90,0,2.5,11,0,60,37.5,0,0,2.5,0,0,0,5,,
WH-2-X,E,70,0,10,30,0,35,55,5,0,7.5,0,2.5,0,15,,
WH-2-X,S,65,0,20,44,0,30,70,15,0,0,0,0,0,45,,
WH-2-X,W,80,0,15,39,0,27.5,70,15,0,0,0,2.5,0,25,,
WH-3-X,N,70,0,60,88,0,80,20,0,0,0,0,0,0,12.5,,
WH-3-X,E,95,0,65,80,0,75,25,2.5,0,0,0,0,0,2.5,,
WH-3-X,S,0,2.5,100,147,0,95,5,0,0,0,0,0,0,0,,
WH-3-X,W,25,55,65,115,0,95,5,0,0,0,0,0,0,0,herb = mostly thistle,
WH-4-2,N,95,0,2.5,25,0,40,55,0,0,0,0,5,0,0,,
WH-4-2,E,85,0,15,16,0,45,40,0,0,15,0,0,0,0,,
WH-4-2,S,60,2.5,55,75,0,65,25,2.5,0,10,0,0,0,7.5,,
WH-4-2,W,85,2.5,25,44,0,60,30,0,0,10,0,0,0,2.5,,