Plot,Subplot,Spec,St,Ht,Browse,Plot Size,Seed Tree,Comments,,,,
M24,,ABGR,L,25,,60,,,,,,
M24,,ABGR,L,17,,60,,,,,,
M24,,ABGR,L,18,,60,,,,,,
M24,,ABGR,L,15,,60,,,,,,
M24,,ABGR,L,17,,60,,,,,,
M24,,ABGR,L,31,,60,,,,,,
M24,,ABGR,L,18,,60,,,,,,
M24,,ABGR,L,16,,60,,,,,,
M24,,ABGR,L,16,,60,,,,,,
M24,,ABGR,L,18,,60,,,,,,
M24,,ABGR,L,33,,60,,,,,,
M24,,ABGR,L,23,,60,,,,,,
M24,,ABGR,L,26,,60,,,,,,
M24,,ABGR,L,21,,60,,,,,,
M24,,ABGR,L,11,,60,,,,,,
M24,,ABGR,L,22,,60,,,,,,
M24,,ABGR,L,12,,60,,,,,,
M24,,ABGR,L,18,,60,,,,,,
M24,,ABGR,L,20,,60,,,,,,
M24,,ABGR,L,22,,60,,,,,,
M24,,ABGR,L,15,,60,,,,,,
M24,,ABGR,L,22,,60,,,,,,
M24,,ABGR,L,15,,60,,,,,,
M24,,ABGR,L,10,,60,,,,,,
M24,,ABGR,L,17,,60,,,,,,
M24,,ABGR,L,20,,60,,,,,,
M24,,ABGR,L,24,,60,,,,,,
M24,,ABGR,L,20,,60,,,,,,
M24,,ABGR,L,16,,60,,,,,,
M24,,ABGR,L,21,,60,,,,,,
M24,,ABGR,L,15,,60,,,,,,
M26,,ABGR,L,23,,60,PIPO 49; PSME 59; ABGR 80,,,,,
M26,,ABGR,L,36,,60,PIPO 49; PSME 59; ABGR 80,,,,,
M26,,ABGR,L,22,,60,PIPO 49; PSME 59; ABGR 80,,,,,
M26,,ABGR,L,22,,60,PIPO 49; PSME 59; ABGR 80,,,,,
M26,,ABGR,L,16,,60,PIPO 49; PSME 59; ABGR 80,,,,,
M26,,ABGR,L,16,,60,PIPO 49; PSME 59; ABGR 80,,,,,
M26,,ABGR,L,21,,60,PIPO 49; PSME 59; ABGR 80,,,,,
M26,,ABGR,L,25,,60,PIPO 49; PSME 59; ABGR 80,,,,,
M26,,ABGR,L,22,,60,PIPO 49; PSME 59; ABGR 80,,,,,
M26,,ABGR,L,21,,60,PIPO 49; PSME 59; ABGR 80,,,,,
M26,,ABGR,L,43,,60,PIPO 49; PSME 59; ABGR 80,,,,,
M26,,ABGR,L,28,,60,PIPO 49; PSME 59; ABGR 80,,,,,
M26,,ABGR,L,35,,60,PIPO 49; PSME 59; ABGR 80,,,,,
M26,,ABGR,L,26,,60,PIPO 49; PSME 59; ABGR 80,,,,,
M26,,ABGR,L,21,,60,PIPO 49; PSME 59; ABGR 80,,,,,
M26,,ABGR,L,14,,60,PIPO 49; PSME 59; ABGR 80,,,,,
M26,,ABGR,L,27,,60,PIPO 49; PSME 59; ABGR 80,,,,,
M26,,ABGR,L,33,,60,PIPO 49; PSME 59; ABGR 80,,,,,
M26,,ABGR,L,20,,60,PIPO 49; PSME 59; ABGR 80,,,,,
M26,,ABGR,L,21,,60,PIPO 49; PSME 59; ABGR 80,,,,,
M26,,ABGR,L,47,,60,PIPO 49; PSME 59; ABGR 80,,,,,
M26,,ABGR,L,28,,60,PIPO 49; PSME 59; ABGR 80,,,,,
M26,,ABGR,L,33,,60,PIPO 49; PSME 59; ABGR 80,,,,,
M26,,ABGR,L,29,,60,PIPO 49; PSME 59; ABGR 80,,,,,
M26,,ABGR,L,20,,60,PIPO 49; PSME 59; ABGR 80,,,,,
M26,,ABGR,L,15,,60,PIPO 49; PSME 59; ABGR 80,,,,,
M26,,ABGR,L,23,,60,PIPO 49; PSME 59; ABGR 80,,,,,
M26,,ABGR,L,14,,60,PIPO 49; PSME 59; ABGR 80,,,,,
M26,,ABGR,L,20,,60,PIPO 49; PSME 59; ABGR 80,,,,,
M26,,ABGR,L,28,,60,PIPO 49; PSME 59; ABGR 80,,,,,
M26,,ABGR,L,23,,60,PIPO 49; PSME 59; ABGR 80,,,,,
M26,,ABGR,L,29,,60,PIPO 49; PSME 59; ABGR 80,,,,,
M26,,ABGR,L,16,,60,PIPO 49; PSME 59; ABGR 80,,,,,
M26,,ABGR,L,21,,60,PIPO 49; PSME 59; ABGR 80,,,,,
M26,,ABGR,L,17,,60,PIPO 49; PSME 59; ABGR 80,,,,,
M26,,ABGR,L,14,,60,PIPO 49; PSME 59; ABGR 80,,,,,
M26,,ABGR,L,25,,60,PIPO 49; PSME 59; ABGR 80,,,,,
M26,,ABGR,L,30,,60,PIPO 49; PSME 59; ABGR 80,,,,,
M26,,ABGR,L,26,,60,PIPO 49; PSME 59; ABGR 80,,,,,
M26,,ABGR,L,18,,60,PIPO 49; PSME 59; ABGR 80,,,,,
M26,,ABGR,L,36,,60,PIPO 49; PSME 59; ABGR 80,,,,,
M26,,ABGR,L,20,,60,PIPO 49; PSME 59; ABGR 80,,,,,
M26,,ABGR,L,33,,60,PIPO 49; PSME 59; ABGR 80,,,,,
M26,,ABGR,L,27,,60,PIPO 49; PSME 59; ABGR 80,,,,,
M27,,ABGR,L,28,,60,,,,,,
M27,,ABGR,L,35,,60,,,,,,
M27,,ABGR,L,18,,60,,,,,,
M27,,ABGR,L,19,,60,,,,,,
M27,,ABGR,L,15,,60,,,,,,
M27,,ABGR,L,32,,60,,,,,,
M27,,ABGR,L,38,,60,,,,,,
M27,,ABGR,L,22,,60,,,,,,
M27,,ABGR,L,36,,60,,,,,,
M27,,ABGR,L,28,,60,,,,,,
M27,,ABGR,L,25,,60,,,,,,
M27,,ABGR,L,16,,60,,,,,,
M27,,ABGR,L,28,,60,,,,,,
M27,,ABGR,L,24,,60,,,,,,
M27,,ABGR,L,18,,60,,,,,,
M27,,ABGR,L,42,,60,,,,,,
M27,,ABGR,L,27,,60,,,,,,
M27,,ABGR,L,58,,60,,,,,,
M27,,ABGR,L,21,,60,,,,,,
M27,,ABGR,L,35,,60,,,,,,
M27,,ABGR,L,23,,60,,,,,,
M27,,ABGR,L,34,,60,,,,,,
M27,,ABGR,L,44,,60,,,,,,
M27,,ABGR,L,34,,60,,,,,,
M27,,ABGR,L,19,,60,,,,,,
M27,,ABGR,L,11,,60,,,,,,
M27,,ABGR,L,14,,60,,,,,,
M27,,ABGR,L,41,,60,,,,,,
M27,,ABGR,L,24,,60,,,,,,
M27,,ABGR,L,16,,60,,,,,,
M27,,ABGR,L,23,,60,,,,,,
M27,,ABGR,L,26,,60,,,,,,
M27,,ABGR,L,29,,60,,,,,,
M27,,ABGR,L,27,,60,,,,,,
M27,,ABGR,L,32,,60,,,,,,
M27,,ABGR,L,22,,60,,,,,,
M27,,ABGR,L,36,,60,,,,,,
M27,,ABGR,L,19,,60,,,,,,
M27,,ABGR,L,13,,60,,,,,,
M27,,ABGR,L,27,,60,,,,,,
M27,,ABGR,L,14,,60,,,,,,
M27,,ABGR,L,27,,60,,,,,,
M27,,ABGR,L,23,,60,,,,,,
M27,,ABGR,L,32,,60,,,,,,
M27,,ABGR,L,29,,60,,,,,,
M27,,ABGR,L,12,,60,,,,,,
M27,,ABGR,L,12,,60,,,,,,
M27,,ABGR,L,19,,60,,,,,,
M27,,ABGR,L,21,,60,,,,,,
M27,,ABGR,L,41,,60,,,,,,
M26,,LAOC,L,18,,60,PIPO 49; PSME 59; ABGR 80,,,,,
M26,,LAOC,L,20,,60,PIPO 49; PSME 59; ABGR 80,,,,,
M26,,LAOC,L,37,,60,PIPO 49; PSME 59; ABGR 80,,,,,
M26,,PIEN,L,18,,60,PIPO 49; PSME 59; ABGR 80,,,,,
M27,,PIEN,L,29,,60,,,,,,
M27,,PIEN,L,11,,60,,,,,,
M27,,PIEN,L,21,,60,,,,,,
M27,,PIEN,L,29,,60,,,,,,
M27,,PIEN,L,30,,60,,,,,,
M27,,PIEN,L,8,,60,,,,,,
M27,,PIEN,L,8,,60,,,,,,
M27,,PIEN,L,9,,60,,,,,,
M27,,PIEN,L,20,,60,,,,,,
M27,,PIEN,L,21,,60,,,,,,
M27,,PIEN,L,20,,60,,,,,,
M27,,PIEN,L,20,,60,,,,,,
M27,,PIEN,L,24,,60,,,,,,
M27,,PIEN,L,7,,60,,,,,,
M27,,PIEN,L,20,,60,,,,,,
M27,,PIEN,L,16,,60,,,,,,
M27,,PIEN,L,17,,60,,,,,,
M27,,PIEN,L,24,,60,,,,,,
M27,,PIEN,L,21,,60,,,,,,
M27,,PIEN,L,21,,60,,,,,,
M27,,PIEN,L,19,,60,,,,,,
M27,,PIEN,L,20,,60,,,,,,
M27,,PIEN,L,12,,60,,,,,,
M27,,PIEN,L,13,,60,,,,,,
M27,,PIEN,L,16,,60,,,,,,
M27,,PIEN,L,15,,60,,,,,,
M24,,PIPO,L,43,,60,,,,,,
M24,,PIPO,L,37,,60,,,,,,
M24,,PIPO,L,50,,60,,,,,,
M24,,PIPO,L,43,,60,,,,,,
M24,,PIPO,L,26,,60,,,,,,
M24,,PIPO,L,49,,60,,,,,,
M24,,PIPO,L,57,,60,,,,,,
M24,,PIPO,L,40,,60,,,,,,
M24,,PIPO,L,77,,60,,,,,,
M24,,PIPO,L,41,,60,,,,,,
M24,,PIPO,L,42,,60,,,,,,
M24,,PIPO,L,33,,60,,,,,,
M24,,PIPO,L,34,,60,,,,,,
M24,,PIPO,L,45,,60,,,,,,
M24,,PIPO,L,56,,60,,,,,,
M24,,PIPO,L,37,,60,,,,,,
M24,,PIPO,L,35,,60,,,,,,
M24,,PIPO,L,40,,60,,,,,,
M24,,PIPO,L,54,,60,,,,,,
M24,,PIPO,L,57,,60,,,,,,
M24,,PIPO,L,69,,60,,,,,,
M24,,PIPO,L,33,,60,,,,,,
M24,,PIPO,L,29,,60,,,,,,
M24,,PIPO,L,24,,60,,,,,,
M24,,PIPO,L,22,,60,,,,,,
M24,,PIPO,L,50,,60,,,,,,
M24,,PIPO,L,45,,60,,,,,,
M24,,PIPO,L,31,,60,,,,,,
M24,,PIPO,L,59,,60,,,,,,
M24,,PIPO,L,23,,60,,,,,,
M24,,PIPO,L,26,,60,,,,,,
M24,,PIPO,L,28,,60,,,,,,
M24,,PIPO,L,41,,60,,,,,,
M24,,PIPO,L,52,,60,,,,,,
M24,,PIPO,L,46,,60,,,,,,
M24,,PIPO,L,36,,60,,,,,,
M24,,PIPO,L,43,,60,,,,,,
M24,,PIPO,L,58,,60,,,,,,
M26,,PIPO,L,47,,60,PIPO 49; PSME 59; ABGR 80,,,,,
M26,,PIPO,L,55,,60,PIPO 49; PSME 59; ABGR 80,,,,,
M26,,PIPO,L,20,,60,PIPO 49; PSME 59; ABGR 80,,,,,
M26,,PIPO,L,28,,60,PIPO 49; PSME 59; ABGR 80,,,,,
M27,,PIPO,L,7,,60,,,,,,
M27,,PIPO,L,39,,60,,,,,,
M27,,PIPO,L,45,,60,,,,,,
M27,,PIPO,L,42,,60,,,,,,
M27,,PIPO,L,42,,60,,,,,,
M27,,PIPO,L,15,,60,,,,,,
M27,,PIPO,L,38,,60,,,,,,
M27,,PIPO,L,42,,60,,,,,,
M27,,PIPO,L,32,,60,,,,,,
M27,,PIPO,L,52,,60,,,,,,
M27,,PIPO,L,33,,60,,,,,,
M27,,PIPO,L,22,,60,,,,,,
M24,,PSME,L,16,,60,,,,,,
M24,,PSME,L,20,,60,,,,,,
M24,,PSME,L,23,,60,,,,,,
M24,,PSME,L,26,,60,,,,,,
M24,,PSME,L,22,,60,,,,,,
M24,,PSME,L,21,,60,,,,,,
M26,,PSME,L,3,,60,PIPO 49; PSME 59; ABGR 80,,,,,
M26,,PSME,L,29,,60,PIPO 49; PSME 59; ABGR 80,,,,,
M27,,PSME,L,13,,60,,,,,,
M27,,PSME,L,12,,60,,,,,,
M27,,PSME,L,24,,60,,,,,,
M27,,PSME,L,19,,60,,,,,,
M27,,PSME,L,22,,60,,,,,,
M28,,ABGR,L,11,,120,ABGR 66; PIPO 47; PSME 64,,,,,
M28,,ABGR,L,35,,120,ABGR 66; PIPO 47; PSME 64,,,,,
M28,,ABGR,L,27,,120,ABGR 66; PIPO 47; PSME 64,,,,,
M28,,ABGR,L,25,,120,ABGR 66; PIPO 47; PSME 64,,,,,
M28,,ABGR,L,39,,120,ABGR 66; PIPO 47; PSME 64,,,,,
M28,,ABGR,L,24,,120,ABGR 66; PIPO 47; PSME 64,,,,,
M28,,ABGR,L,42,,120,ABGR 66; PIPO 47; PSME 64,,,,,
M28,,ABGR,L,12,,120,ABGR 66; PIPO 47; PSME 64,,,,,
M28,,ABGR,L,16,,120,ABGR 66; PIPO 47; PSME 64,,,,,
M28,,ABGR,L,22,,120,ABGR 66; PIPO 47; PSME 64,,,,,
M28,,ABGR,L,26,,120,ABGR 66; PIPO 47; PSME 64,,,,,
M28,,ABGR,L,34,,120,ABGR 66; PIPO 47; PSME 64,,,,,
M28,,ABGR,L,18,,120,ABGR 66; PIPO 47; PSME 64,,,,,
M28,,ABGR,L,24,,120,ABGR 66; PIPO 47; PSME 64,,,,,
M28,,ABGR,L,48,,120,ABGR 66; PIPO 47; PSME 64,,,,,
M28,,ABGR,L,21,,120,ABGR 66; PIPO 47; PSME 64,,,,,
M28,,ABGR,L,18,,120,ABGR 66; PIPO 47; PSME 64,,,,,
M28,,ABGR,L,12,,120,ABGR 66; PIPO 47; PSME 64,,,,,
M28,,ABGR,L,38,,120,ABGR 66; PIPO 47; PSME 64,,,,,
M28,,ABGR,L,24,,120,ABGR 66; PIPO 47; PSME 64,,,,,
M28,,ABGR,L,31,,120,ABGR 66; PIPO 47; PSME 64,,,,,
M28,,ABGR,L,31,,120,ABGR 66; PIPO 47; PSME 64,,,,,
M28,,ABGR,L,41,,120,ABGR 66; PIPO 47; PSME 64,,,,,
M28,,ABGR,L,46,,120,ABGR 66; PIPO 47; PSME 64,,,,,
M28,,ABGR,L,26,,120,ABGR 66; PIPO 47; PSME 64,,,,,
M28,,ABGR,L,23,,120,ABGR 66; PIPO 47; PSME 64,,,,,
M28,,ABGR,L,24,,120,ABGR 66; PIPO 47; PSME 64,,,,,
M28,,ABGR,L,38,,120,ABGR 66; PIPO 47; PSME 64,,,,,
M28,,ABGR,L,25,,120,ABGR 66; PIPO 47; PSME 64,,,,,
M28,,ABGR,L,23,,120,ABGR 66; PIPO 47; PSME 64,,,,,
M28,,ABGR,L,36,,120,ABGR 66; PIPO 47; PSME 64,,,,,
M28,,ABGR,L,28,,120,ABGR 66; PIPO 47; PSME 64,,,,,
M28,,ABGR,L,27,,120,ABGR 66; PIPO 47; PSME 64,,,,,
M28,,ABGR,L,28,,120,ABGR 66; PIPO 47; PSME 64,,,,,
M28,,ABGR,L,34,,120,ABGR 66; PIPO 47; PSME 64,,,,,
M28,,ABGR,L,30,,120,ABGR 66; PIPO 47; PSME 64,,,,,
M28,,ABGR,L,49,,120,ABGR 66; PIPO 47; PSME 64,,,,,
M28,,ABGR,L,29,,120,ABGR 66; PIPO 47; PSME 64,,,,,
M28,,ABGR,L,16,,120,ABGR 66; PIPO 47; PSME 64,,,,,
M28,,ABGR,L,21,,120,ABGR 66; PIPO 47; PSME 64,,,,,
M28,,ABGR,L,43,,120,ABGR 66; PIPO 47; PSME 64,,,,,
M28,,ABGR,L,13,,120,ABGR 66; PIPO 47; PSME 64,,,,,
M28,,LAOC,L,49,,120,ABGR 66; PIPO 47; PSME 64,,,,,
M28,,PIEN,L,34,,120,ABGR 66; PIPO 47; PSME 64,,,,,
M28,,PIPO,L,53,,120,ABGR 66; PIPO 47; PSME 64,,,,,
M28,,PIPO,L,53,,120,ABGR 66; PIPO 47; PSME 64,,,,,
M28,,PIPO,L,47,,120,ABGR 66; PIPO 47; PSME 64,,,,,
M28,,PIPO,L,43,,120,ABGR 66; PIPO 47; PSME 64,,,,,
M28,,PIPO,L,77,,120,ABGR 66; PIPO 47; PSME 64,,,,,
M28,,PIPO,L,59,,120,ABGR 66; PIPO 47; PSME 64,,,,,
M28,,PIPO,L,48,,120,ABGR 66; PIPO 47; PSME 64,,,,,
M28,,PIPO,L,65,,120,ABGR 66; PIPO 47; PSME 64,,,,,
M28,,PIPO,L,52,,120,ABGR 66; PIPO 47; PSME 64,,,,,
M28,,PIPO,L,70,,120,ABGR 66; PIPO 47; PSME 64,,,,,
M28,,PIPO,L,78,,120,ABGR 66; PIPO 47; PSME 64,,,,,
M28,,PIPO,L,58,,120,ABGR 66; PIPO 47; PSME 64,,,,,
M28,,PIPO,L,73,,120,ABGR 66; PIPO 47; PSME 64,,,,,
M28,,PIPO,L,42,,120,ABGR 66; PIPO 47; PSME 64,,,,,
M28,,PIPO,L,78,,120,ABGR 66; PIPO 47; PSME 64,,,,,
M28,,PIPO,L,74,,120,ABGR 66; PIPO 47; PSME 64,,,,,
M28,,PIPO,L,36,,120,ABGR 66; PIPO 47; PSME 64,,,,,
M28,,PIPO,L,61,,120,ABGR 66; PIPO 47; PSME 64,,,,,
M28,,PIPO,L,73,,120,ABGR 66; PIPO 47; PSME 64,,,,,
M28,,PIPO,L,38,,120,ABGR 66; PIPO 47; PSME 64,,,,,
M28,,PIPO,L,47,,120,ABGR 66; PIPO 47; PSME 64,,,,,
M28,,PIPO,L,79,,120,ABGR 66; PIPO 47; PSME 64,,,,,
M28,,PIPO,L,40,,120,ABGR 66; PIPO 47; PSME 64,,,,,
M28,,PIPO,L,37,,120,ABGR 66; PIPO 47; PSME 64,,,,,
M28,,PIPO,L,67,,120,ABGR 66; PIPO 47; PSME 64,,,,,
M28,,PIPO,L,58,,120,ABGR 66; PIPO 47; PSME 64,,,,,
M28,,PIPO,L,51,,120,ABGR 66; PIPO 47; PSME 64,,,,,
M28,,PIPO,L,22,,120,ABGR 66; PIPO 47; PSME 64,,,,,
M28,,PIPO,L,54,,120,ABGR 66; PIPO 47; PSME 64,,,,,
M28,,PIPO,L,43,,120,ABGR 66; PIPO 47; PSME 64,,,,,
M28,,PIPO,L,61,,120,ABGR 66; PIPO 47; PSME 64,,,,,
M28,,PSME,L,6,,120,ABGR 66; PIPO 47; PSME 64,,,,,
M28,,PSME,L,10,,120,ABGR 66; PIPO 47; PSME 64,,,,,
M28,,PSME,L,14,,120,ABGR 66; PIPO 47; PSME 64,,,,,
M28,,PSME,L,59,,120,ABGR 66; PIPO 47; PSME 64,,,,,
M28,,PSME,L,42,,120,ABGR 66; PIPO 47; PSME 64,,,,,
M28,,PSME,L,12,,120,ABGR 66; PIPO 47; PSME 64,,,,,
M28,,PSME,L,50,,120,ABGR 66; PIPO 47; PSME 64,,,,,
M28,,PSME,L,42,,120,ABGR 66; PIPO 47; PSME 64,,,,,
M28,,PSME,L,11,,120,ABGR 66; PIPO 47; PSME 64,,,,,
BCN11,N/A,N/A,N/A,N/A,0,200,Pipo=158; Psme=137,,,,,
BCS6,N/A,N/A,N/A,N/A,0,200,Psme=110; Laoc=143; Pipo=146,,,,,
HRN1,N/A,N/A,N/A,N/A,,200,Pipo=261,,,,,
HRS8,N/A,N/A,N/A,N/A,N/A,200,Pipo=77; Psme=82,,,,,
HRN11,,PIPO,L,210,,200,Pipo=72; Laoc=87; Psme=109,,,,,
HRN11,,PIPO,L,320,,200,Pipo=72; Laoc=87; Psme=109,,,,,
HRN11,,PIPO,L,140,,200,Pipo=72; Laoc=87; Psme=109,,,,,
HRN11,,PIPO,L,240,,200,Pipo=72; Laoc=87; Psme=109,,,,,
HRN11,,PIPO,L,230,,200,Pipo=72; Laoc=87; Psme=109,,,,,
HRN11,,PIPO,L,140,,200,Pipo=72; Laoc=87; Psme=109,,,,,
HRN2,,PIPO,L,80,,200,Pipo=334,,,,,
HRS4,,PIPO,L,60,,200,Pipo=99,,,,,
BCN10,3,PIPO,D,270,0,200,Pipo=67; Psme=79,,,,,
BCN4,1,PIPO,L,230,0,200,Pipo=67.5; Psme=79.7,,,,,
BCN4,1,PIPO,L,110,0,200,Pipo=67.5; Psme=79.7,,,,,
BCN4,2,PIPO,L,60,0,200,Pipo=67.5; Psme=79.7,,,,,
BCN4,3,PIPO,L,300,0,200,Pipo=67.5; Psme=79.7,,,,,
BCN4,4,PIPO,L,240,0,200,Pipo=67.5; Psme=79.7,,,,,
BCN4,4,PIPO,L,260,0,200,Pipo=67.5; Psme=79.7,,,,,
BCN4,4,PIPO,L,120,0,200,Pipo=67.5; Psme=79.7,,,,,
BCN4,4,PIPO,L,220,0,200,Pipo=67.5; Psme=79.7,,,,,
BCN4,4,PIPO,L,130,0,200,Pipo=67.5; Psme=79.7,,,,,
BCN4,4,PIPO,L,90,0,200,Pipo=67.5; Psme=79.7,,,,,
BCN4,4,PIPO,L,110,0,200,Pipo=67.5; Psme=79.7,,,,,
BCN4,4,PIPO,L,160,0,200,Pipo=67.5; Psme=79.7,,,,,
BCN4,4,PIPO,L,160,0,200,Pipo=67.5; Psme=79.7,,,,,
BCN4,4,PIPO,L,170,0,200,Pipo=67.5; Psme=79.7,,,,,
BCN4,4,PIPO,L,70,0,200,Pipo=67.5; Psme=79.7,,,,,
BCN6,1,PIPO,L,60,0,200,Pipo=62.5; Psme=62,a few 30 cm Psme,,,,
BCN6,2,PIPO,L,110,0,200,Pipo=62.5; Psme=62,a few 30 cm Psme,,,,
BCN6,3,PIPO,L,110,0,200,Pipo=62.5; Psme=62,a few 30 cm Psme,,,,
BCN6,4,PIPO,L,60,0,200,Pipo=62.5; Psme=62,a few 30 cm Psme,,,,
BCN6,4,PIPO,L,110,0,200,Pipo=62.5; Psme=62,a few 30 cm Psme,,,,
BCN6,4,PIPO,L,110,0,200,Pipo=62.5; Psme=62,a few 30 cm Psme,,,,
BCN6,4,PIPO,L,160,0,200,Pipo=62.5; Psme=62,a few 30 cm Psme,,,,
BCN6,4,PIPO,L,160,0,200,Pipo=62.5; Psme=62,a few 30 cm Psme,,,,
BCN6,4,PIPO,L,120,0,200,Pipo=62.5; Psme=62,a few 30 cm Psme,,,,
BCN6,4,PIPO,L,90,0,200,Pipo=62.5; Psme=62,a few 30 cm Psme,,,,
HRN11,,PSME,L,110,,200,Pipo=72; Laoc=87; Psme=109,,,,,
HRN11,,PSME,L,20,,200,Pipo=72; Laoc=87; Psme=109,,,,,
HRN11,,PSME,L,100,,200,Pipo=72; Laoc=87; Psme=109,,,,,
BCN4,3,PSME,L,130,0,200,Pipo=67.5; Psme=79.7,,,,,
BCN4,4,PSME,L,220,0,200,Pipo=67.5; Psme=79.7,,,,,
BCN4,4,PSME,L,90,0,200,Pipo=67.5; Psme=79.7,,,,,
BCN4,4,PSME,L,90,0,200,Pipo=67.5; Psme=79.7,,,,,
BCN4,4,PSME,L,60,0,200,Pipo=67.5; Psme=79.7,,,,,
BCN4,4,PSME,L,80,0,200,Pipo=67.5; Psme=79.7,,,,,
BCN4,4,PSME,L,130,0,200,Pipo=67.5; Psme=79.7,,,,,
BCN4,4,PSME,L,80,0,200,Pipo=67.5; Psme=79.7,,,,,
BCN4,4,PSME,L,50,0,200,Pipo=67.5; Psme=79.7,barely alive,,,,
H2,,ABGR,L,22,,240,PSME 115; PIPO 136,,,,,
H2,,ABGR,L,29,,240,PSME 115; PIPO 136,,,,,
H2,,ABGR,L,17,,240,PSME 115; PIPO 136,,,,,
H2,,ABGR,L,21,,240,PSME 115; PIPO 136,,,,,
H2,,ABGR,L,30,,240,PSME 115; PIPO 136,,,,,
H2,,ABGR,L,25,,240,PSME 115; PIPO 136,,,,,
H2,,PIPO,L,97,,240,PSME 115; PIPO 136,,,,,
H2,,PIPO,L,61,,240,PSME 115; PIPO 136,,,,,
H2,,PIPO,L,60,,240,PSME 115; PIPO 136,,,,,
H2,,PIPO,L,68,,240,PSME 115; PIPO 136,,,,,
H2,,PIPO,L,55,,240,PSME 115; PIPO 136,,,,,
H2,,PIPO,L,51,,240,PSME 115; PIPO 136,,,,,
H2,,PIPO,L,45,,240,PSME 115; PIPO 136,,,,,
H2,,PIPO,L,18,,240,PSME 115; PIPO 136,,,,,
H2,,PIPO,L,40,,240,PSME 115; PIPO 136,,,,,
H2,,PIPO,L,56,,240,PSME 115; PIPO 136,,,,,
H2,,PIPO,L,47,,240,PSME 115; PIPO 136,,,,,
H2,,PIPO,L,48,,240,PSME 115; PIPO 136,,,,,
H2,,PIPO,L,35,,240,PSME 115; PIPO 136,,,,,
H2,,PIPO,L,35,,240,PSME 115; PIPO 136,,,,,
H2,,PIPO,L,57,,240,PSME 115; PIPO 136,,,,,
H2,,PIPO,L,53,,240,PSME 115; PIPO 136,,,,,
H2,,PIPO,L,50,,240,PSME 115; PIPO 136,,,,,
H2,,PIPO,L,43,,240,PSME 115; PIPO 136,,,,,
H2,,PIPO,L,56,,240,PSME 115; PIPO 136,,,,,
H2,,PIPO,L,53,,240,PSME 115; PIPO 136,,,,,
H2,,PIPO,L,50,,240,PSME 115; PIPO 136,,,,,
H2,,PIPO,L,62,,240,PSME 115; PIPO 136,,,,,
H2,,PIPO,L,31,,240,PSME 115; PIPO 136,,,,,
H2,,PIPO,L,69,,240,PSME 115; PIPO 136,,,,,
H2,,PIPO,L,60,,240,PSME 115; PIPO 136,,,,,
H2,,PIPO,L,48,,240,PSME 115; PIPO 136,,,,,
H2,,PIPO,L,55,,240,PSME 115; PIPO 136,,,,,
H2,,PIPO,L,59,,240,PSME 115; PIPO 136,,,,,
H2,,PIPO,L,20,,240,PSME 115; PIPO 136,,,,,
H2,,PIPO,L,75,,240,PSME 115; PIPO 136,,,,,
H2,,PIPO,L,79,,240,PSME 115; PIPO 136,,,,,
H2,,PIPO,L,28,,240,PSME 115; PIPO 136,,,,,
H2,,PSME,L,26,,240,PSME 115; PIPO 136,,,,,
H2,,PSME,L,2,,240,PSME 115; PIPO 136,,,,,
H2,,PSME,L,10,,240,PSME 115; PIPO 136,,,,,
H12,,ABGR,L,23,,300,PIPO 154,,,,,
H12,,ABGR,L,35,,300,PIPO 154,,,,,
H12,,ABGR,L,29,,300,PIPO 154,,,,,
H12,,ABGR,L,20,,300,PIPO 154,,,,,
H12,,ABGR,L,20,,300,PIPO 154,,,,,
H12,,ABGR,L,31,,300,PIPO 154,,,,,
H12,,ABGR,L,42,,300,PIPO 154,,,,,
H12,,ABGR,L,25,,300,PIPO 154,,,,,
H12,,ABGR,L,31,,300,PIPO 154,,,,,
H12,,ABGR,L,28,,300,PIPO 154,,,,,
H12,,ABGR,L,14,,300,PIPO 154,,,,,
H12,,ABGR,L,16,,300,PIPO 154,,,,,
H12,,ABGR,L,26,,300,PIPO 154,,,,,
H12,,ABGR,L,13,,300,PIPO 154,,,,,
H12,,ABGR,L,16,,300,PIPO 154,,,,,
H12,,ABGR,L,28,,300,PIPO 154,,,,,
H12,,ABGR,L,21,,300,PIPO 154,,,,,
H12,,ABGR,L,36,,300,PIPO 154,,,,,
H12,,ABGR,L,28,,300,PIPO 154,,,,,
H12,,ABGR,L,20,,300,PIPO 154,,,,,
H12,,ABGR,L,24,,300,PIPO 154,,,,,
H12,,ABGR,L,26,,300,PIPO 154,,,,,
H12,,ABGR,L,20,,300,PIPO 154,,,,,
H12,,ABGR,L,17,,300,PIPO 154,,,,,
H12,,ABGR,L,31,,300,PIPO 154,,,,,
H12,,ABGR,L,9,,300,PIPO 154,,,,,
H12,,ABGR,L,22,,300,PIPO 154,,,,,
H12,,ABGR,L,15,,300,PIPO 154,,,,,
H12,,ABGR,L,29,,300,PIPO 154,,,,,
H12,,ABGR,L,9,,300,PIPO 154,,,,,
H12,,ABGR,L,18,,300,PIPO 154,,,,,
H12,,ABGR,L,36,,300,PIPO 154,,,,,
H12,,ABGR,L,30,,300,PIPO 154,,,,,
H12,,ABGR,L,28,,300,PIPO 154,,,,,
H12,,ABGR,L,25,,300,PIPO 154,,,,,
H12,,ABGR,L,16,,300,PIPO 154,,,,,
H12,,ABGR,L,23,,300,PIPO 154,,,,,
H12,,ABGR,L,24,,300,PIPO 154,,,,,
H12,,ABGR,L,15,,300,PIPO 154,,,,,
H12,,PIPO,L,56,,300,PIPO 154,,,,,
H18,,ABGR,L,22,,360,,,,,,
H18,,ABGR,L,15,,360,,,,,,
H18,,ABGR,L,27,,360,,,,,,
H18,,ABGR,L,28,,360,,,,,,
H18,,ABGR,L,25,,360,,,,,,
H18,,ABGR,L,19,,360,,,,,,
H18,,ABGR,L,38,,360,,,,,,
H18,,ABGR,L,35,,360,,,,,,
H18,,ABGR,L,29,,360,,,,,,
H18,,ABGR,L,45,,360,,,,,,
H18,,ABGR,L,27,,360,,,,,,
H18,,ABGR,L,38,,360,,,,,,
H18,,ABGR,L,42,,360,,,,,,
H18,,ABGR,L,21,,360,,,,,,
H18,,ABGR,L,37,,360,,,,,,
H18,,ABGR,L,19,,360,,,,,,
H18,,ABGR,L,32,,360,,,,,,
H18,,ABGR,L,31,,360,,,,,,
H18,,ABGR,L,35,,360,,,,,,
H18,,ABGR,L,22,,360,,,,,,
H18,,ABGR,L,14,,360,,,,,,
H18,,ABGR,L,28,,360,,,,,,
H18,,ABGR,L,30,,360,,,,,,
H18,,ABGR,L,28,,360,,,,,,
H18,,ABGR,L,13,,360,,,,,,
H18,,ABGR,L,14,,360,,,,,,
H18,,ABGR,L,24,,360,,,,,,
H18,,ABGR,L,42,,360,,,,,,
H18,,PIPO,L,28,,360,,,,,,
H18,,PIPO,L,6,,360,,,,,,
H18,,PIPO,L,59,,360,,,,,,
H18,,PIPO,L,24,,360,,,,,,
H18,,PIPO,L,26,,360,,,,,,
H18,,PIPO,L,39,,360,,,,,,
H18,,PIPO,L,47,,360,,,,,,
H18,,PSME,L,17,,360,,,,,,
H18,,PSME,L,21,,360,,,,,,
H18,,PSME,L,25,,360,,,,,,
M29,,ABGR,L,17,,600,PSME 14,,,,,
M29,,ABGR,L,22,,600,PSME 14,,,,,
M29,,ABGR,L,32,,600,PSME 14,,,,,
M29,,ABGR,L,23,,600,PSME 14,,,,,
M29,,ABGR,L,28,,600,PSME 14,,,,,
M29,,ABGR,L,42,,600,PSME 14,,,,,
M29,,ABGR,L,62,,600,PSME 14,,,,,
M29,,ABGR,L,36,,600,PSME 14,,,,,
M29,,ABGR,L,17,,600,PSME 14,,,,,
M29,,ABGR,L,23,,600,PSME 14,,,,,
M29,,ABGR,L,53,,600,PSME 14,,,,,
M29,,ABGR,L,37,,600,PSME 14,,,,,
M29,,ABGR,L,20,,600,PSME 14,,,,,
M29,,ABGR,L,28,,600,PSME 14,,,,,
M29,,ABGR,L,44,,600,PSME 14,,,,,
M29,,ABGR,L,38,,600,PSME 14,,,,,
M29,,ABGR,L,19,,600,PSME 14,,,,,
M29,,ABGR,L,20,,600,PSME 14,,,,,
M29,,ABGR,L,16,,600,PSME 14,,,,,
M29,,ABGR,L,37,,600,PSME 14,,,,,
M29,,ABGR,L,28,,600,PSME 14,,,,,
M29,,ABGR,L,50,,600,PSME 14,,,,,
M29,,ABGR,L,32,,600,PSME 14,,,,,
M29,,ABGR,L,25,,600,PSME 14,,,,,
M4,,ABGR,L,10,,600,PIPO 1,,,,,
M4,,ABGR,L,15,,600,PIPO 1,,,,,
M4,,ABGR,L,18,,600,PIPO 1,,,,,
M4,,ABGR,L,12,,600,PIPO 1,,,,,
M4,,ABGR,L,22,,600,PIPO 1,,,,,
M4,,ABGR,L,17,,600,PIPO 1,,,,,
M4,,ABGR,L,17,,600,PIPO 1,,,,,
M4,,ABGR,L,16,,600,PIPO 1,,,,,
M4,,ABGR,L,12,,600,PIPO 1,,,,,
H1,,PIPO,L,22,,600,LAOC 60; ABGR 79,,,,,
H1,,PIPO,L,18,,600,LAOC 60; ABGR 79,,,,,
H1,,PIPO,L,19,,600,LAOC 60; ABGR 79,,,,,
H1,,PIPO,L,16,,600,LAOC 60; ABGR 79,,,,,
H1,,PIPO,L,53,,600,LAOC 60; ABGR 79,,,,,
H1,,PIPO,L,19,,600,LAOC 60; ABGR 79,,,,,
H1,,PIPO,L,33,,600,LAOC 60; ABGR 79,,,,,
H1,,PIPO,L,28,,600,LAOC 60; ABGR 79,,,,,
H1,,PIPO,L,57,,600,LAOC 60; ABGR 79,,,,,
H10,,PIPO,L,62,,600,PIPO 51; PSME 84,,,,,
H10,,PIPO,L,32,,600,PIPO 51; PSME 84,,,,,
H10,,PIPO,L,79,,600,PIPO 51; PSME 84,,,,,
H10,,PIPO,L,38,,600,PIPO 51; PSME 84,,,,,
H15,,PIPO,L,40,,600,PIPO 104,,,,,
H15,,PIPO,L,48,,600,PIPO 104,,,,,
H15,,PIPO,L,97,,600,PIPO 104,,,,,
H15,,PIPO,L,59,,600,PIPO 104,,,,,
M29,,PIPO,L,47,,600,PSME 14,,,,,
M29,,PIPO,L,42,,600,PSME 14,,,,,
M29,,PIPO,L,34,,600,PSME 14,,,,,
M29,,PIPO,L,41,,600,PSME 14,,,,,
M29,,PIPO,L,28,,600,PSME 14,,,,,
M29,,PIPO,L,45,,600,PSME 14,,,,,
M29,,PIPO,L,36,,600,PSME 14,,,,,
M29,,PIPO,L,41,,600,PSME 14,,,,,
M29,,PIPO,L,42,,600,PSME 14,,,,,
M29,,PIPO,L,58,,600,PSME 14,,,,,
M29,,PIPO,L,62,,600,PSME 14,,,,,
M29,,PIPO,L,67,,600,PSME 14,,,,,
M29,,PIPO,L,60,,600,PSME 14,,,,,
M29,,PIPO,L,54,,600,PSME 14,,,,,
M29,,PIPO,L,9,,600,PSME 14,,,,,
M29,,PIPO,L,11,,600,PSME 14,,,,,
M29,,PIPO,L,10,,600,PSME 14,,,,,
M29,,PIPO,L,17,,600,PSME 14,,,,,
M29,,PIPO,L,18,,600,PSME 14,,,,,
M29,,PIPO,L,6,,600,PSME 14,,,,,
M29,,PIPO,L,7,,600,PSME 14,,,,,
M29,,PIPO,L,8,,600,PSME 14,,,,,
M29,,PIPO,L,9,,600,PSME 14,,,,,
M29,,PIPO,L,35,,600,PSME 14,,,,,
M29,,PIPO,L,26,,600,PSME 14,,,,,
M29,,PIPO,L,69,,600,PSME 14,,,,,
M4,,PIPO,L,48,,600,PIPO 1,,,,,
M4,,PIPO,L,7,,600,PIPO 1,,,,,
M4,,PIPO,L,26,,600,PIPO 1,,,,,
M4,,PIPO,L,53,,600,PIPO 1,,,,,
M4,,PIPO,L,13,,600,PIPO 1,,,,,
M4,,PIPO,L,33,,600,PIPO 1,,,,,
H1,,PSME,L,24,,600,LAOC 60; ABGR 79,,,,,
M29,,PSME,L,13,,600,PSME 14,,,,,
M29,,PSME,L,22,,600,PSME 14,,,,,
M29,,PSME,L,34,,600,PSME 14,,,,,
M29,,PSME,L,32,,600,PSME 14,,,,,
M29,,PSME,L,30,,600,PSME 14,,,,,
M29,,PSME,L,49,,600,PSME 14,,,,,
M29,,PSME,L,36,,600,PSME 14,,,,,
M29,,PSME,L,36,,600,PSME 14,,,,,
M29,,PSME,L,53,,600,PSME 14,,,,,
M29,,PSME,L,12,,600,PSME 14,,,,,
M29,,PSME,L,28,,600,PSME 14,,,,,
M29,,PSME,L,14,,600,PSME 14,,,,,
M29,,PSME,L,43,,600,PSME 14,,,,,
M29,,PSME,L,33,,600,PSME 14,,,,,
M29,,PSME,L,39,,600,PSME 14,,,,,
M29,,PSME,L,50,,600,PSME 14,,,,,
M29,,PSME,L,45,,600,PSME 14,,,,,
M29,,PSME,L,32,,600,PSME 14,,,,,
M29,,PSME,L,21,,600,PSME 14,,,,,
M29,,PSME,L,19,,600,PSME 14,,,,,
M29,,PSME,L,36,,600,PSME 14,,,,,
M29,,PSME,L,28,,600,PSME 14,,,,,
M29,,PSME,L,40,,600,PSME 14,,,,,
M29,,PSME,L,44,,600,PSME 14,,,,,
M29,,PSME,L,49,,600,PSME 14,,,,,
M29,,PSME,L,32,,600,PSME 14,,,,,
M29,,PSME,L,15,,600,PSME 14,,,,,
M29,,PSME,L,32,,600,PSME 14,,,,,
M29,,PSME,L,33,,600,PSME 14,,,,,
M29,,PSME,L,22,,600,PSME 14,,,,,
M29,,PSME,L,45,,600,PSME 14,,,,,
M29,,PSME,L,40,,600,PSME 14,,,,,
M29,,PSME,L,42,,600,PSME 14,,,,,
M29,,PSME,L,33,,600,PSME 14,,,,,
M29,,PSME,L,42,,600,PSME 14,,,,,
M29,,PSME,L,29,,600,PSME 14,,,,,
M29,,PSME,L,40,,600,PSME 14,,,,,
M29,,PSME,L,29,,600,PSME 14,,,,,
M29,,PSME,L,19,,600,PSME 14,,,,,
M29,,PSME,L,28,,600,PSME 14,,,,,
M29,,PSME,L,16,,600,PSME 14,,,,,
M29,,PSME,L,36,,600,PSME 14,,,,,
M29,,PSME,L,11,,600,PSME 14,,,,,
M29,,PSME,L,50,,600,PSME 14,,,,,
M29,,PSME,L,48,,600,PSME 14,,,,,
M29,,PSME,L,23,,600,PSME 14,,,,,
M29,,PSME,L,59,,600,PSME 14,,,,,
M29,,PSME,L,40,,600,PSME 14,,,,,
M29,,PSME,L,6,,600,PSME 14,,,,,
M29,,PSME,L,42,,600,PSME 14,,,,,
M29,,PSME,L,39,,600,PSME 14,,,,,
M29,,PSME,L,32,,600,PSME 14,,,,,
M29,,PSME,L,24,,600,PSME 14,,,,,
M29,,PSME,L,31,,600,PSME 14,,,,,
M29,,PSME,L,27,,600,PSME 14,,,,,
HRN5,,LAOC,D,90,,40,Pipo=3.1; Abgr=21.7; Laoc=10.4; Psme=33,,,,,
HRN5,,LAOC,L,110,,40,Pipo=3.1; Abgr=21.7; Laoc=10.4; Psme=33,,,,,
HRN5,,LAOC,L,70,,40,Pipo=3.1; Abgr=21.7; Laoc=10.4; Psme=33,,,,,
HRN5,,LAOC,L,50,,40,Pipo=3.1; Abgr=21.7; Laoc=10.4; Psme=33,,,,,
HRN5,,LAOC,L,90,,40,Pipo=3.1; Abgr=21.7; Laoc=10.4; Psme=33,,,,,
HRN5,,LAOC,L,130,,40,Pipo=3.1; Abgr=21.7; Laoc=10.4; Psme=33,,,,,
HRN5,,LAOC,L,130,,40,Pipo=3.1; Abgr=21.7; Laoc=10.4; Psme=33,,,,,
HRN5,,LAOC,L,140,,40,Pipo=3.1; Abgr=21.7; Laoc=10.4; Psme=33,,,,,
HRN5,,LAOC,L,130,,40,Pipo=3.1; Abgr=21.7; Laoc=10.4; Psme=33,,,,,
HRN5,,LAOC,L,130,,40,Pipo=3.1; Abgr=21.7; Laoc=10.4; Psme=33,,,,,
HRN5,,LAOC,L,130,,40,Pipo=3.1; Abgr=21.7; Laoc=10.4; Psme=33,,,,,
HRN5,,LAOC,L,130,,40,Pipo=3.1; Abgr=21.7; Laoc=10.4; Psme=33,,,,,
HRN5,,LAOC,L,50,,40,Pipo=3.1; Abgr=21.7; Laoc=10.4; Psme=33,,,,,
HRN5,,LAOC,L,80,,40,Pipo=3.1; Abgr=21.7; Laoc=10.4; Psme=33,,,,,
HRN5,,LAOC,L,340,,40,Pipo=3.1; Abgr=21.7; Laoc=10.4; Psme=33,,,,,
HRN5,,LAOC,L,150,,40,Pipo=3.1; Abgr=21.7; Laoc=10.4; Psme=33,,,,,
HRN5,,LAOC,L,150,,40,Pipo=3.1; Abgr=21.7; Laoc=10.4; Psme=33,,,,,
HRN5,,LAOC,L,100,,40,Pipo=3.1; Abgr=21.7; Laoc=10.4; Psme=33,,,,,
HRN5,,LAOC,L,230,,40,Pipo=3.1; Abgr=21.7; Laoc=10.4; Psme=33,,,,,
HRN5,,LAOC,L,120,,40,Pipo=3.1; Abgr=21.7; Laoc=10.4; Psme=33,,,,,
HRN5,,LAOC,L,120,,40,Pipo=3.1; Abgr=21.7; Laoc=10.4; Psme=33,,,,,
HRN5,,LAOC,L,200,,40,Pipo=3.1; Abgr=21.7; Laoc=10.4; Psme=33,,,,,
HRN5,,LAOC,L,200,,40,Pipo=3.1; Abgr=21.7; Laoc=10.4; Psme=33,,,,,
HRN5,,LAOC,L,200,,40,Pipo=3.1; Abgr=21.7; Laoc=10.4; Psme=33,,,,,
HRN5,,LAOC,L,280,,40,Pipo=3.1; Abgr=21.7; Laoc=10.4; Psme=33,,,,,
HRN5,,LAOC,L,110,,40,Pipo=3.1; Abgr=21.7; Laoc=10.4; Psme=33,,,,,
HRN5,,LAOC,L,110,,40,Pipo=3.1; Abgr=21.7; Laoc=10.4; Psme=33,,,,,
HRN5,,LAOC,L,160,,40,Pipo=3.1; Abgr=21.7; Laoc=10.4; Psme=33,,,,,
HRN5,,LAOC,L,50,,40,Pipo=3.1; Abgr=21.7; Laoc=10.4; Psme=33,,,,,
HRN5,,LAOC,L,210,,40,Pipo=3.1; Abgr=21.7; Laoc=10.4; Psme=33,,,,,
HRN5,,LAOC,L,70,,40,Pipo=3.1; Abgr=21.7; Laoc=10.4; Psme=33,,,,,
HRN5,,LAOC,L,170,,40,Pipo=3.1; Abgr=21.7; Laoc=10.4; Psme=33,,,,,
HRN5,,LAOC,L,170,,40,Pipo=3.1; Abgr=21.7; Laoc=10.4; Psme=33,,,,,
HRN5,,LAOC,L,160,,40,Pipo=3.1; Abgr=21.7; Laoc=10.4; Psme=33,,,,,
HRN5,,LAOC,L,160,,40,Pipo=3.1; Abgr=21.7; Laoc=10.4; Psme=33,,,,,
HRN5,,LAOC,L,160,,40,Pipo=3.1; Abgr=21.7; Laoc=10.4; Psme=33,,,,,
HRN5,,LAOC,L,200,,40,Pipo=3.1; Abgr=21.7; Laoc=10.4; Psme=33,,,,,
HRN5,,LAOC,L,200,,40,Pipo=3.1; Abgr=21.7; Laoc=10.4; Psme=33,,,,,
HRN5,,LAOC,L,200,,40,Pipo=3.1; Abgr=21.7; Laoc=10.4; Psme=33,,,,,
HRN5,,LAOC,L,200,,40,Pipo=3.1; Abgr=21.7; Laoc=10.4; Psme=33,,,,,
HRN5,,LAOC,L,200,,40,Pipo=3.1; Abgr=21.7; Laoc=10.4; Psme=33,,,,,
HRN5,,LAOC,L,200,,40,Pipo=3.1; Abgr=21.7; Laoc=10.4; Psme=33,,,,,
HRN5,,LAOC,L,200,,40,Pipo=3.1; Abgr=21.7; Laoc=10.4; Psme=33,,,,,
HRN5,,LAOC,L,130,,40,Pipo=3.1; Abgr=21.7; Laoc=10.4; Psme=33,,,,,
HRN5,,LAOC,L,130,,40,Pipo=3.1; Abgr=21.7; Laoc=10.4; Psme=33,,,,,
HRN5,,LAOC,L,130,,40,Pipo=3.1; Abgr=21.7; Laoc=10.4; Psme=33,,,,,
HRN5,,LAOC,L,250,,40,Pipo=3.1; Abgr=21.7; Laoc=10.4; Psme=33,,,,,
HRN5,,LAOC,L,250,,40,Pipo=3.1; Abgr=21.7; Laoc=10.4; Psme=33,,,,,
HRN5,,LAOC,L,250,,40,Pipo=3.1; Abgr=21.7; Laoc=10.4; Psme=33,,,,,
HRN5,,LAOC,L,250,,40,Pipo=3.1; Abgr=21.7; Laoc=10.4; Psme=33,,,,,
HRN5,,LAOC,L,250,,40,Pipo=3.1; Abgr=21.7; Laoc=10.4; Psme=33,,,,,
HRN5,,LAOC,L,240,,40,Pipo=3.1; Abgr=21.7; Laoc=10.4; Psme=33,,,,,
HRN5,,LAOC,L,240,,40,Pipo=3.1; Abgr=21.7; Laoc=10.4; Psme=33,,,,,
HRN5,,LAOC,L,240,,40,Pipo=3.1; Abgr=21.7; Laoc=10.4; Psme=33,,,,,
HRN5,,LAOC,L,240,,40,Pipo=3.1; Abgr=21.7; Laoc=10.4; Psme=33,,,,,
HRN5,,LAOC,L,240,,40,Pipo=3.1; Abgr=21.7; Laoc=10.4; Psme=33,,,,,
HRN5,,LAOC,L,240,,40,Pipo=3.1; Abgr=21.7; Laoc=10.4; Psme=33,,,,,
HRN5,,LAOC,L,230,,40,Pipo=3.1; Abgr=21.7; Laoc=10.4; Psme=33,,,,,
HRN5,,LAOC,L,230,,40,Pipo=3.1; Abgr=21.7; Laoc=10.4; Psme=33,,,,,
HRN5,,LAOC,L,100,,40,Pipo=3.1; Abgr=21.7; Laoc=10.4; Psme=33,,,,,
HRN5,,LAOC,L,220,,40,Pipo=3.1; Abgr=21.7; Laoc=10.4; Psme=33,,,,,
HRN5,,LAOC,L,220,,40,Pipo=3.1; Abgr=21.7; Laoc=10.4; Psme=33,,,,,
HRN5,,LAOC,L,220,,40,Pipo=3.1; Abgr=21.7; Laoc=10.4; Psme=33,,,,,
HRN5,,LAOC,L,190,,40,Pipo=3.1; Abgr=21.7; Laoc=10.4; Psme=33,,,,,
HRN5,,LAOC,L,270,,40,Pipo=3.1; Abgr=21.7; Laoc=10.4; Psme=33,,,,,
HRN5,,LAOC,L,270,,40,Pipo=3.1; Abgr=21.7; Laoc=10.4; Psme=33,,,,,
HRN5,,LAOC,L,270,,40,Pipo=3.1; Abgr=21.7; Laoc=10.4; Psme=33,,,,,
HRN5,,LAOC,L,270,,40,Pipo=3.1; Abgr=21.7; Laoc=10.4; Psme=33,,,,,
HRN5,,LAOC,L,270,,40,Pipo=3.1; Abgr=21.7; Laoc=10.4; Psme=33,,,,,
HRN5,,LAOC,L,260,,40,Pipo=3.1; Abgr=21.7; Laoc=10.4; Psme=33,,,,,
HRN5,,LAOC,L,210,,40,Pipo=3.1; Abgr=21.7; Laoc=10.4; Psme=33,,,,,
HRN5,,LAOC,L,210,,40,Pipo=3.1; Abgr=21.7; Laoc=10.4; Psme=33,,,,,
HRN5,,LAOC,L,90,,40,Pipo=3.1; Abgr=21.7; Laoc=10.4; Psme=33,,,,,
HRN5,,LAOC,L,170,,40,Pipo=3.1; Abgr=21.7; Laoc=10.4; Psme=33,,,,,
HRN5,,LAOC,L,170,,40,Pipo=3.1; Abgr=21.7; Laoc=10.4; Psme=33,,,,,
HRN5,,LAOC,L,150,,40,Pipo=3.1; Abgr=21.7; Laoc=10.4; Psme=33,,,,,
HRN5,,LAOC,L,150,,40,Pipo=3.1; Abgr=21.7; Laoc=10.4; Psme=33,,,,,
HRN5,,LAOC,L,180,,40,Pipo=3.1; Abgr=21.7; Laoc=10.4; Psme=33,,,,,
HRN5,,LAOC,L,220,,40,Pipo=3.1; Abgr=21.7; Laoc=10.4; Psme=33,,,,,
HRN5,,LAOC,L,470,,40,Pipo=3.1; Abgr=21.7; Laoc=10.4; Psme=33,,,,,
HRN5,,LAOC,L,120,,40,Pipo=3.1; Abgr=21.7; Laoc=10.4; Psme=33,,,,,
HRN5,,LAOC,L,150,,40,Pipo=3.1; Abgr=21.7; Laoc=10.4; Psme=33,,,,,
HRN5,,LAOC,L,90,,40,Pipo=3.1; Abgr=21.7; Laoc=10.4; Psme=33,,,,,
HRN5,,LAOC,L,120,,40,Pipo=3.1; Abgr=21.7; Laoc=10.4; Psme=33,,,,,
HRN5,,LAOC,L,250,,40,Pipo=3.1; Abgr=21.7; Laoc=10.4; Psme=33,,,,,
HRN5,,LAOC,L,250,,40,Pipo=3.1; Abgr=21.7; Laoc=10.4; Psme=33,,,,,
HRN5,,LAOC,L,140,,40,Pipo=3.1; Abgr=21.7; Laoc=10.4; Psme=33,,,,,
HRN5,,LAOC,L,80,,40,Pipo=3.1; Abgr=21.7; Laoc=10.4; Psme=33,,,,,
HRN5,,LAOC,L,130,,40,Pipo=3.1; Abgr=21.7; Laoc=10.4; Psme=33,,,,,
HRN5,,LAOC,L,360,,40,Pipo=3.1; Abgr=21.7; Laoc=10.4; Psme=33,,,,,
HRN5,,LAOC,L,500,,40,Pipo=3.1; Abgr=21.7; Laoc=10.4; Psme=33,,,,,
HRN5,,LAOC,L,100,,40,Pipo=3.1; Abgr=21.7; Laoc=10.4; Psme=33,,,,,
HRN5,,LAOC,L,100,,40,Pipo=3.1; Abgr=21.7; Laoc=10.4; Psme=33,,,,,
HRN5,,LAOC,L,490,,40,Pipo=3.1; Abgr=21.7; Laoc=10.4; Psme=33,,,,,
HRN5,,LAOC,L,270,,40,Pipo=3.1; Abgr=21.7; Laoc=10.4; Psme=33,,,,,
HRN5,,LAOC,L,270,,40,Pipo=3.1; Abgr=21.7; Laoc=10.4; Psme=33,,,,,
HRN5,,LAOC,L,270,,40,Pipo=3.1; Abgr=21.7; Laoc=10.4; Psme=33,,,,,
HRN5,,LAOC,L,300,,40,Pipo=3.1; Abgr=21.7; Laoc=10.4; Psme=33,,,,,
HRN5,,LAOC,L,150,,40,Pipo=3.1; Abgr=21.7; Laoc=10.4; Psme=33,,,,,
HRN5,,PIPO,D,100,,40,Pipo=3.1; Abgr=21.7; Laoc=10.4; Psme=33,,,,,
HRN5,,PIPO,D,120,,40,Pipo=3.1; Abgr=21.7; Laoc=10.4; Psme=33,,,,,
HRN5,,PIPO,L,80,,40,Pipo=3.1; Abgr=21.7; Laoc=10.4; Psme=33,,,,,
HRN5,,PIPO,L,50,,40,Pipo=3.1; Abgr=21.7; Laoc=10.4; Psme=33,,,,,
HRN5,,PIPO,L,50,,40,Pipo=3.1; Abgr=21.7; Laoc=10.4; Psme=33,,,,,
HRN5,,PIPO,L,200,,40,Pipo=3.1; Abgr=21.7; Laoc=10.4; Psme=33,,,,,
HRN5,,PIPO,L,80,,40,Pipo=3.1; Abgr=21.7; Laoc=10.4; Psme=33,,,,,
HRN5,,PIPO,L,60,,40,Pipo=3.1; Abgr=21.7; Laoc=10.4; Psme=33,,,,,
HRN5,,PIPO,L,160,,40,Pipo=3.1; Abgr=21.7; Laoc=10.4; Psme=33,,,,,
HRN5,,PIPO,L,200,,40,Pipo=3.1; Abgr=21.7; Laoc=10.4; Psme=33,,,,,
HRN5,,PIPO,L,210,,40,Pipo=3.1; Abgr=21.7; Laoc=10.4; Psme=33,,,,,
HRN5,,PIPO,L,150,,40,Pipo=3.1; Abgr=21.7; Laoc=10.4; Psme=33,,,,,
HRN5,,PIPO,L,270,,40,Pipo=3.1; Abgr=21.7; Laoc=10.4; Psme=33,,,,,
HRN5,,PIPO,L,150,,40,Pipo=3.1; Abgr=21.7; Laoc=10.4; Psme=33,,,,,
HRN5,,PSME,L,110,,40,Pipo=3.1; Abgr=21.7; Laoc=10.4; Psme=33,,,,,
HRN5,,PSME,L,90,,40,Pipo=3.1; Abgr=21.7; Laoc=10.4; Psme=33,,,,,
HRN5,,PSME,L,180,,40,Pipo=3.1; Abgr=21.7; Laoc=10.4; Psme=33,,,,,